Ref,Programtittel,Lengde,Prod_dato,Arkivert,Format,Opptaksted,Innhold,Produsent_Regi,Oppdragsgiver,Emne,Personer,Rettigheter,Lyd,Foto,Arkivert_Billy
100.0,Dr.grad presentasjon,,25.01.11,29.03.11,HD,Bergen,"Dr.grad presentasjon. UiB, Universitetet i Bergen, Gard Buen Jenset, doktorpromosjon, Håkonshallen, tale, rekordmange doktorer",May-Britt Skjelvik,UiB,Dokttorpromosjon,Gard Buen Jenset,Univisjon,Frode Ims,Frode Ims,
101.0,Klem en professor,,arkiv,29.03.11,HD,Bergen,"Klem en professor. UiB, Universitetet i Bergen, Klem en professor, Student, professor, klem, Tine Blomfeldt",Arnt Brandseth,UiB,Klem en professor,"Tine Blomfeldt, Sigmund Grønmo",Univisjon,Frode Ims,Frode Ims,
102.0,Eksternweblansering 2009,,arkiv,30.03.11,SD,Bergen,Eksternweblansering 2009,Arnt Brandseth,UiB,Eksternweblansering 2009,,Univisjon,Brian Holmedal,Brian Holmedal,
103.0,Klem en professor,,arkiv,05.04.11,HD,Bergen,Uni foredrag Bergen Næringsråd,Frode Ims,Uni,Uni foredrag Bergen Næringsråd,"Ole Andreas Brekke, Alla Sapronova, Kjersti Mézeth, Silje Mæland, Kristine Spildo, Richard Bellerby",Uni,Frode Ims,Frode Ims,
104.0,MUPS,,arkiv,06.04.11,HD,Bergen,MUPS. Medisinsk uforklarte plager og sykdommer (MUPS) - fra usikkerhet til mestring,Arnt Brandseth,Uni,MUPS,"Peter Prydz, Kirsti Malterud",Uni,Frode Ims,"Frode Ims, Arnt Brandseth",
105.0,Tøff som en Kutling,,arkiv,31.05.11,HD,Bergen,"Kutlingen/The Bearded Goby of Namibia. UiB, University of Bergen, Anne Christine Utne Palm, Mark Gibbons, University of the Western Cape, kutling, goby, Namibia, Institutt for biologi,",Arnt Brandseth,UiB,Kutlingen/The Bearded Goby of Namibia,,Uni,Frode Ims,"Frode Ims, Arnt Brandseth, Kim Andreassen",
106.0,Fiskedressur,,arkiv,31.05.11,HD,"Bergen, Marineholmen, Matre","Fiskedressur. Forskere ved UiB viser at oppdrettsfisk kan lære seg ny adferd.  Dette er kunnskap som fiskeoppdrettere kan ha nytte av. Anders Fernø, Ole Folkedal, dressur, Matre, laks, Havforskningsinstituttet, Institutt for biologi, Universitetet i Bergen, UiB","Arnt Brandseth, Gudrun Sylte",UiB,Fiskedressur,"Anders Fernø, Ole Folkedal",UiB,Frode Ims,Frode Ims,
107.0,Disputerer med blokkfløyte,,arkiv,31.05.11,HD,"Bergen, Haakonshallen","Disputerer med blokkfløyte. Jostein Gundersens forskning på blokkfløyte er en parallell til den akademiske doktorgraden. - Jo lenger jeg holder på, jo gladere blir jeg i blokkfløyten, sier han. Jostein Gundersen, Griegakademiet, University of Bergen, UiB, blokkfløyte, doktorgrad, forskning","Arnt Brandseth, Walter Wehus",UiB,Disputerer med blokkfløyte,Jostein Gundersen,UiB,Frode Ims,Frode Ims,
108.0,Fordøyelse en fornøyelse,,arkiv,31.05.11,HD,"Bergen, Vil Vite Senteret",Fordøyelse en fornøyelse. VilVite ble nærmest omgjort til en fordøyelsespark da ”Ernæringsopplevelsen” åpnet.,Kim Andreassen,UiB - På Høyden,Fordøyelse en fornøyelse,Mette H. Morken,UiB,Frode Ims,Frode Ims,
109.0,Internasjonal uke,,arkiv,31.05.11,HD,"Bergen, Kvarteret","Internasjonal uke. For andre gang arrangerer UiB internasjonal uke, der utveksling og muligheter for internasjonal erfaring settes i fokus. Universitetet i Bergen, UiB, Internasjonal, studenter, utveksling, Astri Andresen, Christian Bode",Arnt Brandseth,UiB,Internasjonal uke,"Astri Andresen, Christian Bode",UiB,Frode Ims,Frode Ims,
110.0,Å skape en klode,,arkiv,31.05.11,SD,"Bergen, HF, Forskningsdagene",Å skape en klode. Hvor mange filosofer må til for å skape en jordklode? Forberedelsene til Forskningstorget i Bergen foregikk ikke uten komplikasjoner.,"Frode Ims, Arnt Brandseth",UiB,Å skape en klode,Egil H Olsvik,UiB,Frode Ims,Frode Ims,
111.0,"På Høyden videoer, København, klimamøte, sudan",,arkiv,31.05.11,SD,"Bergen, CMI",På Høyden videoer. -Klimamøtet i København enquete. -Åpning av sudanesisk bibliotek CMI,"Frode Ims, Olav Røli",UiB,"På Høyden videoer, København, klimamøte, sudan","Eystein Jansen, Tore Furevik, Helge Drange",UiB,Frode Ims,Frode Ims,
112.0,Simulering løser gammelt værmysterium,,arkiv,16.06.11,SD,"Bergen, Geofysisk Inst","Simulering løser gammelt værmysterium. Det er snart 60 år siden 79 mennesker forsvant sporløst i Vestisen. Ved hjelp av gamle værkart, moderne simuleringsverktøy og ny viten om hvordan ekstremvær i arktiske strøk oppstår, kan vi få vite hva som gjorde at fem skuter kunne forlise samtidig.",Arnt Brandseth,UiB,Simulering løser gammelt værmysterium,"Sigbjørn Grønås, Idar Barstad",UiB,Frode Ims,Frode Ims + arkiv,
113.0,Kreativ på eldre dager,,arkiv,16.06.11,SD,Bergen,Kreativ på eldre dager. Mange eldre er offer for tidligere tiders ”rødblyantspedagogikk”. Gjennom skrivekurs kan de finne fram til sin verbale kreativitet og få ordet i sin makt.,May-Britt Skjelvik,UiB,Kreativ på eldre dager,"Ragna Ådlandsvik, Oddgeir Synnes, Odd Sætre",UiB,Frode Ims,Frode Ims,
114.0,Vitenskapshvelvet 1-3,,arkiv,16.06.11,HD,Bergen,Vitenskapshvelvet 1-3,"May-Britt Skjelvik, Arnt Brandseth",UiB,Vitenskapshvelvet 1-3,,UiB,Frode Ims,Frode Ims,
115.0,"Lærum multimedia, Konrad Birkhaug",,arkiv,16.06.11,HD,"Bergen, Voss","Lærum multimedia, Konrad Birkhaug. Konrad Birkhaug var en pioner innen vaksineforskning.  Han produserte den første effektive vaksinen mot sykdommen rosen.  Senere arbeidet han \ved Institut Pasteur sammen med Calmette og Guérin, oppfinnerne av BCG vaksinen mot tuberkulose. Universitetet i Bergen, UiB, Konrad Birkhaug, Ole Didrik Lærum, BCG, Calmette, Guérin, tuberkulose, rosen, vaksine, Institut Pasteur","Arnt Brandseth, Walter Wehus",UiB,"Lærum multimedia, Konrad Birkhaug","Ole Didrik Lærum, Konrad Birkhaug",UiB,Frode Ims,Frode Ims,
116.0,"Medisinsk Historie, Dr. Hansen og historien",,arkiv,16.06.11,SD,"Bergen, Lepramuseet","Medisinsk Historie, Dr. Hansen og historien. Når historien møter medisinen er det duket for tverrfaglighet som kan bidra til å løse framtidige helseproblemer. Historien om Armauer Hansens oppdagelse av leprabasillen er et medisinsk-historisk høydepunkt.",May-Britt Skjelvik,UiB,"Medisinsk Historie, Dr. Hansen og historien","Sigurd Sandmo, Lorentz Irgens, Armauer Hansen",UiB,"Frode Ims, Arnt Brandseth","Frode Ims, Arnt Brandseth",
117.0,"Fastleger under lupen, sykemelding",,arkiv,16.06.11,SD,Bergen,"Fastleger under lupen, sykemelding. Mange går til legen med plager som ikke lar seg påvise av verken blodprøver eller røntgen, såkalte subjektive helseplager. Hvorvidt de blir sykemeldte - og hvilken diagnose de får, kan henge sammen med hvilken fastlege de har.",Arnt Brandseth,UiB,"Fastleger under lupen, sykemelding","Erik L. Werner, Holger Ursin",UiB,Frode Ims,Frode Ims,
118.0,"Nansens Makkverk, Willassen og Nansen",,arkiv,16.06.11,HD,Bergen,"Nansens Makkverk, Willassen og Nansen. Da den unge Fridtjof Nansen ble tilsatt som konservator ved Bergens Museum i 1882 fikk han blant annet arbeide med zoologiske prøver som var samlet under de treårige toktene med skipet ”Vøringen”. Dette prosjektet gikk under navnet ”Den Norske Nordhavs-Expedition” og var et pionértiltak i utforskingen av arktisk dyphav. Det var i dette materialet at Nansen fant noen av de dyrene som han studerte under arbeidet med sin første zoologiske avhandling. Den fikk tittelen ”Bidrag til myzostomernes anatomi og histologi” og ble publisert i Bergens Museums Skrifter i 1885. UiB, University of Bergen, Fridtjof Nansen, Bergens Museum, myzostomer, Endre Willassen, ",Arnt Brandseth,UiB,"Nansens Makkverk, Willassen og Nansen","Endre Willassen, Fridtjof Nansen ",UiB,Frode Ims,Frode Ims,
119.0,Eldre & Helse 2007,,arkiv,20.06.11,SD,Bergen,Eldre & Helse 2007,Arnt Brandseth,,Eldre & Helse 2007,,Univisjon,Frode Ims,"Frode Ims, Siv Systad, Bjørn Bøthun",
120.0,Holberg 2008,,arkiv,20.06.11,SD,Bergen,Holberg 2008. Fredric R. Jameson,,,Holberg 2008,Fredric R. Jameson,Univisjon,,,
121.0,Marineholmen presentasjon,,arkiv,21.06.11,SD,Bergen,Marineholmen presentasjon,"Siv Systad, Svein Arne Selvik",Marineholmen,Marineholmen,,Univisjon,Frode Ims,Frode Ims,
122.0,Marineholmen presentasjon,,arkiv,21.06.11,SD,Bergen,Pasientsamtaler - Uni helse. -Mediefiler,"Brian Holmedal, Arnt Brandseth, Frode Ims.",Uni helse - Silje Mæland,Pasientsamtaler - Uni helse,Erik L. Werner,"Univisjon, uni helse",,"Vidar Trellevik, Brian Holmedal + uni",
123.0,Språktest 2009,,arkiv,21.06.11,SD,Bergen,Språktest 2009,Brian Holmedal,Norsk språktest,Språktest 2009,,Univisjon,,,
124.0,Vendepunkt - sesong 2,,arkiv,21.06.11,SD,Bergen,"Vendepunkt - sesong 2. PROGRAM 1: ” BARNLØSE FUGLER”. PROGRAM 2: ” RESTART ”. PROGRAM 3: ”UT AV AVHENGIGHETEN”. PROGRAM 4: ”FINNE ROEN”. Tiden vi lever i setter mennesker under press på ulike måter. I de fire siste Vendepunkt- programmene møter vi mennesker som har tatt viktige valg for å få et bedre liv. Noen har gjennomlevd dyptgående kriser før vendepunktet kom – andre har sakte, men sikkert kommet til en erkjennelse om at de må gjøre noe aktivt for å få et godt liv.","May-Britt Skjelvik, Arnt Brandseth",Vendepunkt - sesong 2,Vendepunkt - sesong 2,"Frode Thuen, Evy-Merete og Morten Ellingen, Finn Seldal, Rolf Torodd Olafsen, Helga Mjeldheim, Ann-Britt Aldeman, Maitreya Ishaya (Oliver Seligman),  ",Univisjon,Frode Ims,Frode Ims,
125.0,Jakta på polarstormen,,arkiv,22.06.11,SD,"Bergen, Andøya, Svalbard, Tromsø","Jakta på polarstormen. Vi følger en gruppe forskere som drar til Andøya i Vesterålen for gjennomføre Norgeshistoriens største stormjakt. De ønsker å gjøre vitenskaplige målinger av polare lavtrykk, som aldri har vært gjort før.","Turid Rogne, Astrid Rommetveit",Jakta på polarstormen,Jakta på polarstormen,"Harald Figenschou, Erik Kolstad, Øyvind Sætra, Ivan Føre, Jón Egill Kristjánsson ",Univisjon,Frode Ims,Frode Ims,
126.0,"Den kulturelle bæremeisen, Gruble",,arkiv,28.06.11,SD,"Bergen, Florø",Sparebanken vest. -Den kulturelle bæremeisen. -Gruble 1-filosofi med barn. -Gruble 2,"Arnt Brandseth, Bjørn Bøthun",Sparebanken vest,"bæremeisen, gruble, filosofi",,Univisjon,"Frode Ims, Arnt Brandseth","Frode Ims, Arnt Brandseth",
127.0,CARBOOCEAN - hunting for CO2,,arkiv,28.06.11,SD,"Bergen, Brussel, Svalbard","CARBOOCEAN - hunting for CO2. CarboOcean, et stort internasjonalt EU-prosjekt, ledet fra Universitetet i Bergen, har sett på havets rolle i CO2-regnskapet. Siden 2005 har forskerne gjort målinger, analysert konsekvenser og laget scenarioer for framtiden.  Univisjon har fulgt prosjektet siden starten.",May-Britt Skjelvik,CARBOOCEAN,"Co2, EU, ","Emil Jeansson, Christoph Heinze",Univisjon,Frode Ims,Frode Ims,
128.0,FARGESPILL,,arkiv,28.06.11,SD,Bergen,"FARGESPILL. Univisjon har fulgt prøvene til forestillingen der femti barn og unge, noen av dem helt nyankomne til landet, fikk status som kulturelle bidragsytere i det norske samfunn.",Arnt Brandseth,FARGESPILL,Fargespill,"Ole Hamre, Sissel Saue, Hilde Sol Erdal, Hsa Mu Kar",Univisjon,Frode Ims,Frode Ims,
129.0,Creating Knowledge,,arkiv,28.06.11,SD,Bergen,"Creating Knowledge. September 8, 2010 – September 10, 2010. INFORMATION LITERACY AND DIVERSITY IN HIGHER EDUCATION. Mapping the Learning Environment.",,UB-UiB,Creating Knowledge,,Univisjon,"Frode Ims, Arnt Brandseth","Frode Ims, Arnt Brandseth",
130.0,Forum for vitenskap og demokrati: Forskningsrådets styring av Universitetet,,arkiv,30.06.11,,Bergen,"Forum for vitenskap og demokrati: Forskningsrådets styring av Universitetet. Forum for vitenskap og demokrati inviterer til debattmøte om hvordan forskningen bør styres og hvem som bør styre den, fredag 8 oktober kl 1415-1600 på Det Akademiske Kvarter. 2010",,Forskningsrådet,Forum for vitenskap og demokrati: Forskningsrådets styring av Universitetet,"Arvid Hallén, Hanne Foss Hansen","Univisjon, Forskningsrådet",Frode Ims,Frode Ims,
131.0,Fylkeskommunen.,,arkiv,30.06.11,SD,Bergen,Fylkeskommunen. Oppdragsfilm. Toppledermøte.,Arild Sondre Sekse,Fylkeskommunen.,Fylkeskommunen.,Arild Sondre Sekse,Fylkeskommunen.,"Frode Ims, Arnt Brandseth","Frode Ims, Arnt Brandseth",
132.0,Holbergprisen 2009,,2009.0,30.06.11,,Bergen,Holbergprisen 2009,,Holbergprisen,Holbergprisen 2009,Ian Hacking,UiB,,"Brian Holmedal, Arnt Brandseth",
133.0,Holbergprisen 2010,,2010.0,30.06.11,,Bergen,Holbergprisen 2010,,Holbergprisen,Holbergprisen 2010,Natalie Zemon Davis,UiB,,"Frode Ims, Arnt Brandseth",
134.0,Holbergprisen 2007,,2007.0,30.06.11,,Bergen,Holbergprisen 2007,,Holbergprisen,Holbergprisen 2007,Ronald Dworkin,UiB,,"Siv Systad, Brian Holmedal",
135.0,Roger Strand,,2010.0,30.06.11,,Bergen,Opptak av samtale med Roger Strand til konferanse.,,HF,Roger Strand,Roger Strand,UiB,,"Frode Ims, Arnt Brandseth",
136.0,[Uten tittel],,2010.0,30.06.11,,Hardanger,Dokumentasjonsfilming av NERA sine nettverksløsninger i Hardanger.,"NERA, Frode Ims",NERA,NERA,,"NERA, Univisjon",Frode Ims,Frode Ims,
137.0,[Uten tittel],,,01.07.11,,Bergen,"Foredrag fra Forskningsdagene 2010. Vil global oppvarming føre til mer malaria i Afrika og Europa? Bernt Lindtjørn, professor ved Senter for internasjonal helse ved Universitetet i Bergen. Inkludering i flerkulturelle lokalsamfunn. Jill Loga, seniorforsker ved Uni Rokkansenteret. Tobis. Engelsk, den nye folkesykdommen.",,Forskningsdagene,Forskningsdagene 2010,,,,"Frode Ims, Arnt Brandseth",
138.0,Pasientsamtaler,,,01.07.11,,Bergen,NFR-prosjekt. Pasientsamtaler. Sykemelding,,,Pasientsamtaler,Silje Mæland,Uni-Helse,,"Brian Holmedal, Vidar Trellevik",
139.0,Norsk språktest 2007,,2007.0,01.07.11,,Bergen,Norsk språktest 2007,Brian Holmedal,Norsk språktest,Norsk språktest,,,,,
140.0,Norsk språktest 2009,,2009.0,01.07.11,,Bergen,Norsk språktest 2009,Brian Holmedal,Norsk språktest,Norsk språktest,,,,,
141.0,En oppskrift på fattigdom ,,2011.0,01.07.11,,"Bergen, Kenya","En oppskrift på fattigdom. Norgeshistoriens dyreste bistandsprosjekt, en fiskefabrikk i Nord-Kenya, var en fiasko. Fabrikken har aldri blitt brukt, og lokalbefolkningen har fått store problemer. ",May-Britt Skjelvik,UD,En oppskrift på fattigdom (rettet),Vigdis Broch-Due,Univisjon,,Frilanser + Frode Ims,
142.0,Vendepunkt - sesong 2 ,,2008.0,01.07.11,,"Bergen, Tønsberg, Hamar, Stockholm, Oslo, Sokndal",Vendepunkt - sesong 2. PROGRAM 1: ” BARNLØSE FUGLER”. PROGRAM 2: ” RESTART ”. PROGRAM 3: ”UT AV AVHENGIGHETEN”. PROGRAM 4: ”FINNE ROEN”.,"Arnt Brandseth, May-Britt Skjelvik ",,Vendepunkt,"Maitreya Ishaya, Camilla Fredriksen, Frode Thuen, Rolf Torodd Olafsen, Ann-Britt Aldeman, Helga Mjeldheim, Sophie Nyrerød, Finn Seldal, Evy-Merete og Morten Ellingen",,,"Frode Ims, Arnt Brandseth",
143.0,Verktøykassen,,2010.0,01.07.11,,Bergen,Verktøykassen. Varsomt atomblikk. Høytsvevende forskning. Kamera som arbeidskamerat. Tavlen - en moderne klassiker,"Arnt Brandseth, Olav Røli, Frode Ims",,Verktøykassen,"Bodil Holst, Joachim Reuder, Frode Storaas, Jan Martin Nordbotten",,Frode Ims,Frode Ims,
144.0,Dig UiB (MAM) pilot,,2010.0,04.07.11,,Bergen,Dig UiB (MAM) pilot,Frode Ims,,Dig UiB (MAM) pilot,,UiB,Frode Ims,"Frode Ims, Arnt Brandseth",
145.0,Holbergprisen 2007,,2007.0,05.07.11,,New York,Intervju med prisvinner Ronald Dworkin. Råstoff,Svein Arne Selvik,Holbergprisen,Holbergprisen 2007,Ronald Dworkin,Holbergprisen,Siv Systad,Siv Systad,
146.0,"Vendepunkt, sesong 2",,2007.0,05.07.11,,London,Vendepunkt sesong 2. Råstoff fra London,Arnt Brandseth,,Råstoff Vendepunkt sesong 2,"Oliver Seligman, Maitreya Ishaya",Univisjon,Frode Ims,Frode Ims,
147.0,[Uten tittel],,2007.0,01.08.11,,Vil vite senteret,Åpning Vil Vite senteret. Råstoff,,,Åpning Vil Vite senteret,,Univisjon,Arnt Brandseth,Arnt Brandseth,
148.0,[Uten tittel],,2007.0,01.08.11,,Bergen,Helikopteropptak Marineholmen,Arnt Brandseth,Marineholmen,Helikopteropptak Marineholmen,,Univisjon,,Alligator v Njål,
149.0,[Uten tittel],,2007.0,01.08.11,,Bergen,Marineholmen DVD,,Marineholmen,Marineholmen DVD,,Univisjon,,,
150.0,Æresdoktorer 2011,,2011.0,28.09.11,,Håkonshallen,"Æresdoktorer 2011. Under doktorpromosjonen fredag 26. august blir Gudmund Hernes og Arne Skauge utnevnt til æresdoktorer. De har en felles fortid som statsråder i ulike regjeringer og begge har vært med på å utvikle UiB til hva det er i dag. Tale: Simon Dankel, Sigmund Grønmo, Gudmund Hernes",May-Britt Skjelvik,UiB,Æresdoktor,"Gudmund Hernes, Arne Skauge",,Frode Ims,Frode Ims,
151.0,Akademisk skriving,,2008.0,28.09.11,,Bergen,Akademisk skriving,Brian Holmedal,,Akademisk skriving,Bjørn Wormnes,,,,
152.0,Brian mac-backup,,2010.0,28.09.11,,,Brian mac-backup,,,Brian mac-backup,Brian Holmedal,,,,
153.0,Fargespill,,2010.0,28.09.11,,Bergen,Fargespill. - omredigert versjon,Arnt Brandseth,Fargespill,Fargespill,,"Fargespill, Univisjon","Frode Ims, Arnt Brandseth","Frode Ims, Arnt Brandseth",
154.0,Fiskeri og kysthistorie,,2010.0,28.09.11,,Bergen,"Fiskeri og kysthistorie. -PILOT. -råstoff av skjærgård, Bergen.",Arnt Brandseth,,Fiskeri og kysthistorie,,Univisjon,Frode Ims,Frode Ims,
155.0,Formidlingsseminar for Lærum,,2010.0,28.09.11,,Bergen,Formidlingsseminar for Lærum,"Arnt Brandseth, May-Britt Skjelvik",,Formidlingsseminar for Lærum,May-Britt Skjelvik,Univisjon,Arnt Brandseth,Arnt Brandseth,
156.0,Grottemannen,,2002.0,28.09.11,,,Grottemannen DVD. Professor Stein-Erik Lauritzen bruker grottenes dryppsteiner som historiens dagbok over hvordan klimaet har utviklet seg på jorda. Gjennom sin forskning ønsker Lauritzen å teste påstanden om at de menneskeskapte klimaendringene er større enn de naturlige svingningene. ,Nils Arne Sæbø,,Grottemannen DVD,Stein-Erik Lauritzen,Univisjon,Nils Arne Sæbø,Nils Arne Sæbø,
157.0,Holbergprisen 2011,,2011.0,28.09.11,,Bergen,"Holbergprisen 2011. H. K. H. Kronprins Haakon overrakte  Holbergprisen til Jürgen Kocka. Statsråd Tora Aasland overrakte Nils Klim-prisen til Jørn Jakobsen. Holbergprisens symposium 2011: ""Civil Society and the Welfare State: Competitors or allies?""",Frode Ims,Holbergprisen,Holbergprisen 2011,"Jürgen Kocka, Jørn Jakobsen, Theda Skocpol, Christoph Conrad, Per Selle, Simone Lässig, Stein Kuhnle","Holbergprisen, Univisjon",Frode Ims,Frode Ims,
158.0,I full blomst,,2011.0,28.09.11,,Aboretet på Milde,Helt siden starten i 1971 har Arboretet satset på rhododendron. De har nå nordens største rhododendronsamling. ,Frode Ims,,"Aboretet på Milde, rhododendron",,UiB,Frode Ims,Frode Ims,
159.0,Nils Klim Prisen 2011,,2011.0,28.09.11,,Bergen,Nils Klim Prisen 2011. Jørn Jacobsen ved Det juridiske fakultet er tildelt årets Nils Klim-pris. Hans forskningsfelt er strafferett og rettsteori. Prisoverrekkelsen vil forgå i Håkonshallen den 8. juni. ,Arnt Brandseth,Holbergprisen,Nils Klim Prisen 2011,Jørn Jakobsen,UiB,Frode Ims,Frode Ims,
160.0,Gade,,2010.0,28.09.11,,,Diverse materiale samlet av Ole Didrik Lærum. Digitalisert fra DVDer og DV-kassetter,,Gades,"Ole Didrik Lærum, Gade, Erik Waaler, Magnus Haaland, Tuberkuloseutstilling",,Ole Didrik Lærum/Gade,,,
161.0,[Uten tittel],,2011.0,28.09.11,,Bergen,Semesterstart 2011. -enquete. -taler,,,Semesterstart 2011,,,,,
162.0,Skuggestrand,,2008.0,28.09.11,,,Skuggestrand. Portrett Hilde Kvalvåg,,,Portrett Hilde Kvalvåg,Hilde Kvalvåg,Hilde Kvalvåg,,Elin Styve,
163.0,Eneste av sitt slag,,2011.0,28.09.11,,Bergen,"Eneste av sitt slag. De har jobbet sammen i over femti år, Arvid Erdal og Van de Graaff-generatoren. Den dagen Erdal gir seg er det ingen til å ta over hans plass, og Van de Graaffen blir museumsgjenstand. ","Jens Helleland Ådnanes, Frode Ims",,"Van de Graff generator, ",Arvid Erdal ,UiB,Frode Ims,Frode Ims,
164.0,"Forskningsdagane 2011, Alternativer til dyreforsøk",,2011.0,09.11.11,,Bergen,"Forskningsdagane 2011. Alternativer til dyreforsøk. Selv om forsøksdyr fremdeles er viktig i jakten på kreftgåten og løsning av andre medisinske utfordringer, finnes det ofte andre gode alternativer. Forskerne ved Alternativlaben ved Universitetet i Bergen viste under Forskningsdagene dyremodeller og andre metoder som brukes som alternativer til dyreforsøk i forskningen. ",Arnt Brandseth,,"Forskningsdagane 2011, Alternativlaben, forsøksdyr",Arvid Erdal ,UiB,Frode Ims,Frode Ims,
165.0,Studentbyen,,2011.0,09.11.11,,Bergen,Studentbyen. Engasjerte studenter er en forutsetning for å være et godt forskningsuniversitet. Slike studenter har vi ved UiB. Her finnes en studentforening for alle interesser. ,Arnt Brandseth,,Studentbyen,,UiB,Frode Ims,Frode Ims,
166.0,Studer ved UiB,,2011.0,09.11.11,,Bergen,Studer ved UiB. Det er mange gode grunner til å søke studieplass ved UiB. Flere undersøkelser viser at våre studenter trives og lykkes i studiene. Dessuten er Bergen en helt spesiell by. Søknadsfrist 15. april ,May-Britt Skjelvik,,"Søknadsfrist, Studer ved UiB",,UiB,Frode Ims,Frode Ims,
167.0,Interplay of grief,,2011.0,06.02.12,,Bergen,"Interplay of grief. Interaction with the world outside is essential for a progressive university. Students at The Grieg Academy, part of the University of Bergen, have worked with some of the foremost Nordic practitioners in contemporary music to create a requiem for the ages.",May-Britt Skjelvik,Griegakademiet,"The Grieg Academy, UiB, University of Bergen, contemporary music, Student, BIT20 Ensemble, Baldur Brönnimann, Hans Werner Henze, Requiem","Baldur Brönnimann, Hans Werner Henze",UiB,Frode Ims,Frode Ims,
168.0,Biologisk kunst,,2011.0,06.02.12,HD,Bergen,"Biologisk kunst. I møtet mellom kunst og vitenskap kan det oppstå mye spennende. Masterstudenter fra Institutt for biologi legger fram forskningsresultatene sine på en utradisjonell måte. Godt hjulpet av Carte Blanche, Norges nasjonale kompani for samtidsdans, som ikke bare danser…",Arnt Brandseth,UiB,"Universitetet i Bergen, Carte Blanch, masterstudenter, forskning, vannkvalitet, performance, lyd, soundscape, Surdej Music Production, Institutt for biologi, Maria Rye  Michelsen, Edhem Jesenkovic, Karin Pittman, Håvard Pedersen","Maria Rye  Michelsen, Edhem Jesenkovic, Karin Pittman, Håvard Pedersen",UiB,Frode Ims,Frode Ims,
169.0,UiB i verden - Internasjonal student 2012,,2012.0,06.02.12,HD,Bergen,UiB i verden - Internasjonal student 2012. Hvert år drar rundt 600 studenter ved UiB på utveksling. Møt David som dro til Japan og fikk både venner og minner for livet. Mandag 16. januar kl. 14.15 åpner UiBs Internasjonale uke 2012.,May-Britt Skjelvik,UiB,"UiB, Universitetet I Bergen, Japan, utveksling, studenter, venner, minner, David Yttervik Seetiangtham",David Yttervik Seetiangtham,UiB,Frode Ims,Frode Ims,
170.0,NRF- pasientsamtaler,,2012.0,06.02.12,SD,Bergen,NRF- pasientsamtaler. Nedklipp 2012,Silje Mæland,UiB,Pasientsamtaler,Silje Mæland,UNI-helse,Uni,Uni,
171.0,Ny teknologi,,2011.0,06.02.12,HD,Bergen,"Ny teknologi. All teknologi kan forbedres. Tverrfaglig forskning skal gjøre bildene av kroppens indre enda bedre - og dermed gi sikrere diagnoser. PET, MR, CT, skanner, scanner, Renate Grüner, Inst. for fysikk og teknologi, Haukeland Universitetssykehus",Arnt Brandseth,UiB,"PET, MR, CT, skanner, scanner, Renate Grüner, Inst. for fysikk og teknologi, Haukeland Universitetssykehus",Renate Grüner,UiB,Frode Ims,Frode Ims,
172.0,The world of UiB - Studiestart 2012,,2012.0,06.02.12,HD,Bergen,"The world of UiB - Studiestart 2012. Every year close to 1,000 new international students arrive in Bergen. Most arrive in the autumn, but about 250 arrive for the spring semester. Meet some of them in this video. On 5 January 2012, around 200 new international students were gathered at Studentsenteret (the Student Centre) in the heart of Bergen to get information before starting their studies at the University of Bergen (UiB). People from all over the world have discovered the unique resources at this internationally recognised university with more than 160 different study programmes to choose from. Many of the newly arrived students are also drawn by the promise of nature and the fjords on the West coast of Norway. International students Bergen, University of Bergen, UiB, internationally, recognised, university, new semester, studying abroad, study in Norway, study in Bergen, research university, international",Sverre Ole Drønen,UiB,"International students Bergen, University of Bergen, UiB, internationally, recognised, university, new semester, studying abroad, study in Norway, study in Bergen, research university, international",,UiB,Frode Ims,Frode Ims,
173.0,Bergen bys historie,,,03.05.12,SD,Bergen,Bergen bys historie. Restaurerte versjoner av serien,,,Bergen bys historie,,,Arnt Brandseth,,
174.0,Cristiekonferansen 2010,,2012.0,03.05.12,HD,Bergen,"Cristiekonferansen 2010. Sofaprat med Frank Aarebrot, Linda Eide og Marit Warncke. Christiefilmen med Henrik von Achen. Intervju med barn fra Solbakken barnehage. Christie var medlem av Riksforsamlingen på Eidsvoll våren 1814. Det var med Christie som viktigste drivkraft at Bergen Museum ble en realitet i 1825. Bergen Museum ble en viktig del av grunnlaget for etableringen av Universitetet i Bergen. Henrik von Achen forteller om Christie.","May-Britt Skjelvik, Arnt Brandseth",UiB,Cristiekonferansen 2010,"Frank Aarebrot, Linda Eide, Marit Warncke, Henrik von Achen",UiB,Frode Ims,Frode Ims,
175.0,Christiekonferansen 2011,,2012.0,03.05.12,HD,Bergen,Christiekonferansen 2011. Cambridge University. Språkfolk og Hammertech. Hva forsker du på? Presentasjon av ,"May-Britt Skjelvik, Arnt Brandseth",UiB,Cristiekonferansen 2011,"Synnøve Vindheim Svardal, Petra J. Helgesen, Erling Hammer",UiB,Frode Ims,Frode Ims,
176.0,CMI-Bergen ressurssenter for internasjonal utvikling,,2012.0,03.05.12,HD,Bergen,CMI-Bergen ressurssenter for internasjonal utvikling. Presentasjonsfilm,"May-Britt Skjelvik, Frode Ims",UiB,CMI-Bergen ressurssenter for internasjonal utvikling,"Synnøve Vindheim Svardal, Petra J. Helgesen, Erling Hammer",UiB,Frode Ims,Frode Ims,
177.0,Den nye dannelsen,,2012.0,03.05.12,HD,Bergen,"DANNELSE. Som eneste universitet i Norge tilbyr UiB dannelsesemner. Her møtes studenter og vitenskapelig ansatte på tvers av faggrensene – slikt blir det dannelse av. Universitetet i Bergen, Senter for Vitenskapsteori, Jan Reinert Karlsen, filosof, dannelsesemner, fiskehelse, Håvard Eggestøl, student. Jamendo - Chill_Carrier_-_Like_A_Walk_In_The_Park",May-Britt Skjelvik,UiB,Den nye dannelsen,"Jan Reinert Karlsen, Håvard Eggestøl",UiB,Frode Ims,Frode Ims,
178.0,Hva er en algoritme?,,2012.0,03.05.12,HD,Bergen,"Pinar Heggernes er professor i informatikk. Her gir hun et lite innblikk i sitt fag og hvilke muligheter og utfordringer de står ovenfor. UiB, Bergen Museum, Universitetet I Bergen, Professor, Institutt for informatikk ",May-Britt Skjelvik,UiB,Hva er en algoritme?,Pinar Heggernes ,UiB,Frode Ims,Frode Ims,
179.0,[Uten tittel],,2012.0,03.05.12,HD,Bergen,"Vågenprosjektet. Råstoff fra vågenprosjektet. Bergens Sjøfartsmuseum gjennomfører marinarkeologiske forundersøkelser i Vågen i Bergen, med hovedmålet å ”fremskaffe kunnskapsgrunnlag om kulturminneomfanget i Vågen”",Brian Holmedal,UiB,Vågenprosjektet,,,,,
180.0,Æresdoktor Jon Hellesnes,,2012.0,13.12.12,HD,Bergen,"Æresdoktor Jon Hellesnes (råstoff). Filosofen Jon Hellesnes forteller om sitt akademiske liv. Jon Hellesnes, filosofi, æresdoktor 2012, UiB, Universitetet i Bergen, University of Bergen. Grafikk: Margareth Haugen. Intervjuet av Kim Andreassen",May-Britt Skjelvik,UiB,Æresdoktor 2012. Æresdoktor Jon Hellesnes,Jon Hellesnes,UiB,Frode Ims,Frode Ims,
181.0,[Uten tittel],,2012.0,13.12.12,HD,Bergen,Testopptak med Panasonic 301 (råstoff). Univisjons første HD opptak,,UiB,HD test pan 301,,UiB,Frode Ims,Frode Ims,
182.0,[Uten tittel],,2012.0,13.12.12,HD,Bergen,Reåpning Hvalsalen (råstoff). Hvalvask,,UiB,Hvalsal reåpning 2012,Marielle Bergh. Gordon Turner-Walker,UiB,Frode Ims,Frode Ims,
183.0,Grunnforskningens gode hjelper,,2012.0,13.12.12,HD,Bergen,Grunnforskningens gode hjelper (råstoff). Fred Kavli er gjennom Kavliprisen med på å skape framskritt til beste for menneskeheten. Under hans besøk ved UiB ble grunnforskningens betydning løftet fram.,May-Britt Skjelvik,UiB,Grunnforskningens gode hjelper,Fred Kavli,UiB,Frode Ims,Frode Ims,
184.0,Visjoner for Vestlandet,,2012.0,13.12.12,HD,Bergen,"Museumskonferansen (råstoff). Visjoner for Vestlandet. Universitetet i Bergen, Bergen Næringsråd og Studentersamfunnet i Bergen inviterte hele Bergen og Vestlandet til stormøte om planene for den nye universitetsaulaen. Lederen for det nasjonale rådet for Museumsprosjektet, Gudmund Hernes, ledet salen i allsang. Universitetet i Bergen, Sigmund Grønmo, Marit Warncke, Trude Drevland, stormøte, aula, Grand Selskapslokaler, Grunnlovsjubileum, 2014",Arnt Brandseth,UiB,Museumskonferansen. Visjoner for Vestlandet,"Gudmund Hernes, Sigmund Grønmo, Marit Warncke, Trude Drevland",UiB,Frode Ims,Frode Ims,
185.0,[Uten tittel],,2012.0,13.12.12,HD,Bergen,Naturhistorisk museum (råstoff),Arnt Brandseth,UiB,Naturhistorisk museum,,UiB,"Frode Ims, Arnt Brandseth","Frode Ims, Arnt Brandseth",
186.0,Wilhelm Frimann Koren Christie,,2012.0,13.12.12,HD,Bergen,Wilhelm Frimann Koren Christie (råstoff). Christie var medlem av Riksforsamlingen på Eidsvoll våren 1814. Det var med Christie som viktigste drivkraft at Bergen Museum ble en realitet i 1825. Bergen Museum ble en viktig del av grunnlaget for etableringen av Universitetet i Bergen. Henrik von Achen forteller om Christie.,Arnt Brandseth,UiB,Reportasje Christie 2011. Wilhelm Frimann Koren Christie,"Wilhelm Frimann Koren Christie, Henrik von Achen",UiB,Frode Ims,Frode Ims,
187.0,Åpning av det akademiske år 2012,,2012.0,13.12.12,HD,Bergen,"Semesterstart 2012 (råstoff). Åpning av det akademiske år 2012. Glimt fra åpningen av det akademiske år og intervju med årets gjestetaler, stortingsrepresentant Audun Lysbakken, som er tidligere student ved UiB.",Arnt Brandseth,UiB,Semesterstart 2012,Audun Lysbakken,UiB,Frode Ims,Frode Ims,
188.0,Ett steg videre.,,2012.0,13.12.12,HD,Bergen,"UiB Presentasjon (2010) (råstoff). Ett steg videre. UiBs viktigste mål er å bevege verden fremover. Nye tanker om samfunnet, språket vårt, naturen og våre sinn har sitt grunnlag i en lang vitenskapelig tradisjon.",May-Britt Skjelvik,UiB,UiB Presentasjon (2010),,UiB,Frode Ims,Frode Ims,
189.0,Den nye dannelsen,,2012.0,14.12.12,HD,Bergen,"Dannelse - Hubro (råstoff). DANNELSE. Som eneste universitet i Norge tilbyr UiB dannelsesemner. Her møtes studenter og vitenskapelig ansatte på tvers av faggrensene – slikt blir det dannelse av. Universitetet i Bergen, Senter for Vitenskapsteori, Jan Reinert Karlsen, filosof, dannelsesemner, fiskehelse, Håvard Eggestøl, student",May-Britt Skjelvik,UiB,Dannelse - Hubro,Jan Reinert Karlsen,UiB,Frode Ims,Frode Ims,
190.0,Disseksjonens historie,,2012.0,14.12.12,HD,København,Disseksjonens historie (råstoff). Opptak fra disseksjonsteater i København,Arnt Brandseth,UiB,Disseksjonens historie,,UiB,Frode Ims,Frode Ims,
191.0,Studere ved Griegakademiet. Smile - you have an audience,,2012.0,14.12.12,HD,Bergen,Griegakademiet (råstoff). Åpen dag. Lala Murshudli. Bud Beyer,May-Britt Skjelvik,UiB,Griegakademiet ,"Lala Murshudli, Bud Beyer",UiB,Frode Ims,Frode Ims,
192.0,Æresdoktor Jon Hellesnes,,2012.0,14.12.12,HD,Bergen,"Æresdoktor Jon Hellesnes. Filosofen Jon Hellesnes forteller om sitt akademiske liv. Jon Hellesnes, filosofi, æresdoktor 2012, UiB, Universitetet i Bergen, University of Bergen. Grafikk: Margareth Haugen. Intervjuet av Kim Andreassen",May-Britt Skjelvik,UiB,Æresdoktor 2012. Æresdoktor Jon Hellesnes,Jon Hellesnes,UiB,Frode Ims,Frode Ims,
193.0,[Uten tittel],,2012.0,14.12.12,HD,Bergen,Begravelse - Christoffer Schander,,UiB,Begravelse - Christoffer Schander,Christoffer Schander,UiB,,,
194.0,Christiekonferansen 2012,,2012.0,14.12.12,HD,Bergen,Christiekonferansen 2012. Vi vil ut i verden. Bli med! ,"Arnt Brandseth, May-Britt Skjelvik",UiB,Christiekonferansen 2012,,UiB,Frode Ims/Arnt Brandseth,Frode Ims/Arnt Brandseth,
195.0,[Uten tittel],,2012.0,14.12.12,HD,Bergen,Corbis storbyarkivbilder,,UiB,Corbis storbyarkivbilder,,UiB,,,
196.0,Disseksjonens historie,,2012.0,14.12.12,HD,København,Disseksjonens historie. Opptak fra disseksjonsteater i København,Arnt Brandseth,UiB,Disseksjonens historie,,UiB,Frode Ims,Frode Ims,
197.0,[Uten tittel],,2012.0,14.12.12,HD,Bergen,Foredrag - Forskningsdagene 2010. komprimerte filer for web,Arnt Brandseth,UiB,Forskningsdagene 2010,,UiB,Frode Ims/Arnt Brandseth,Frode Ims/Arnt Brandseth,
198.0,Smile - You have an audience,,2012.0,14.12.12,HD,Bergen,Bud Beyer. Griegakademiet. NRK kunnskapskanalen - master,May-Britt Skjelvik,UiB,Bud Beyer,Bud Beyer,UiB,Frode Ims,Frode Ims,
199.0,Den praktiske professor,,2012.0,14.12.12,HD,Bergen,"Den praktiske professor. Hammer. Helt siden han var liten gutt har prof. Erling Hammer vært innovativ. Elektrikeren endte etter hvert opp som professor ved Universitetet i Bergen, der hans forskning har ført til både konkrete produkt og mange arbeidsplasser i regionen.",May-Britt Skjelvik,UiB,Den praktiske professor. Hammer,Erling Hammer,UiB,Frode Ims,Frode Ims,
200.0,[Uten tittel],,2012.0,14.12.12,HD,Bergen,Testopptak med Panasonic 301. Univisjons første HD opptak,,UiB,HD test pan 301,,UiB,Frode Ims,Frode Ims,
201.0,Grunnforskningens gode hjelper,,2012.0,14.12.12,HD,Bergen,Grunnforskningens gode hjelper. Fred Kavli er gjennom Kavliprisen med på å skape framskritt til beste for menneskeheten. Under hans besøk ved UiB ble grunnforskningens betydning løftet fram.,May-Britt Skjelvik,UiB,Grunnforskningens gode hjelper,Fred Kavli,UiB,Frode Ims,Frode Ims,
202.0,[Uten tittel],,2012.0,14.12.12,HD,Bergen,Museet 2014. Naturhistorisk museum,Arnt Brandseth,UiB,Museet 2014. Naturhistorisk museum,,UiB,Frode Ims/Arnt Brandseth,Frode Ims/Arnt Brandseth,
203.0,Sustaining Ethical Aquaculture Trade,,2012.0,14.12.12,HD,"Bergen, Bangladesh, ++",SEAT. Sustaining Ethical Aquaculture Trade,Arnt Brandseth,UiB - Senter for vitenskapsteori,SEAT1. Sustaining Ethical Aquaculture Trade,"Carl Walter Matthias Kaiser, Scott Bremer",UiB,Frode Ims,Frode Ims,
204.0,Åpning av det akademiske år 2012,,2012.0,14.12.12,HD,Bergen,"Semesterstart 2012. Åpning av det akademiske år 2012. Glimt fra åpningen av det akademiske år og intervju med årets gjestetaler, stortingsrepresentant Audun Lysbakken, som er tidligere student ved UiB.",Arnt Brandseth,UiB,Semesterstart 2012,Audun Lysbakken,UiB,Frode Ims,Frode Ims,
205.0,Ett steg videre.,,2012.0,14.12.12,HD,Bergen,"UiB Presentasjon (2010). Ett steg videre. UiBs viktigste mål er å bevege verden fremover. Nye tanker om samfunnet, språket vårt, naturen og våre sinn har sitt grunnlag i en lang vitenskapelig tradisjon.",May-Britt Skjelvik,UiB,UiB Presentasjon (2010),,UiB,Frode Ims,Frode Ims,
206.0,Unifob klimafilm,,2012.0,14.12.12,HD,,Unifob klimafilm,Brian Holmedal,,Unifob klimafilm,,,,,
207.0,Vitenskapshvelvet 2011. Vitenskapshvelvet 2012,,2012.0,14.12.12,HD,Bergen,Vitenskapshvelvet 2011. Vitenskapshvelvet 2012,,UiB,Vitenskapshvelvet 2011. Vitenskapshvelvet 2012,,,"Frode Ims, Arnt Brandseth","Frode Ims, Arnt Brandseth",
208.0,Studere ved Griegakademiet. Smile - you have an audience,,2012.0,14.12.12,HD,Bergen,Griegakademiet (råstoff). Åpen dag. Lala Murshudli. Bud Beyer,May-Britt Skjelvik,UiB,Griegakademiet ,"Lala Murshudli, Bud Beyer",UiB,Frode Ims,Frode Ims,
209.0,Christiekonferansen 2012,,2012.0,17.12.12,HD,Bergen,Christiekonferansen 2012 (råstoff). Vi vil ut i verden. Bli med! ,"Arnt Brandseth, May-Britt Skjelvik",UiB,Christiekonferansen 2012,,UiB,"Frode Ims, Arnt Brandseth","Frode Ims, Arnt Brandseth",
210.0,Christiekonferansen 2013,,2012.0,17.12.12,HD,Bergen,Christiekonferansen 2013 (råstoff). Christieprisen 2012,"Arnt Brandseth, May-Britt Skjelvik",UiB,Christiekonferansen 2013,,UiB,Frode Ims,Frode Ims,
211.0,Den praktiske professor,,2012.0,17.12.12,HD,Bergen,"Den praktiske professor (råstoff). Hammer. Helt siden han var liten gutt har prof. Erling Hammer vært innovativ. Elektrikeren endte etter hvert opp som professor ved Universitetet i Bergen, der hans forskning har ført til både konkrete produkt og mange arbeidsplasser i regionen.",May-Britt Skjelvik,UiB,Den praktiske professor Hammer,Erling Hammer,UiB,Frode Ims,Frode Ims,
212.0,Vitenskapshvelvet 2011,,2012.0,17.12.12,HD,Bergen,Vitenskapshvelvet 2011 (råstoff),,UiB,Vitenskapshvelvet 2011,,,"Frode Ims, Arnt Brandseth","Frode Ims, Arnt Brandseth",
213.0,Sustaining Ethical Aquaculture Trade,,2012.0,19.12.12,HD,"Bergen, Bangladesh, ++",SEAT (råstoff). Sustaining Ethical Aquaculture Trade,Arnt Brandseth,UiB - Senter for vitenskapsteori,SEAT1. Sustaining Ethical Aquaculture Trade,"Carl Walter Matthias Kaiser, Scott Bremer",UiB,Frode Ims,Frode Ims,
214.0,Lyktetenning i Japanhagen,,2012.0,26.08.13,HD,Bergen,"Lyktetenning i Japanhagen. Snø,kaldt og vindstille vær gjorde rammen perfekt når lyktene ble tent i Japanhagen på Milde.  Håpet er at dette kan bli en årlig tradisjon. Universitetet i Bergen, UiB, Japanhagen, Arboretet, Milde, lykter, buddisme, botanisk hage",Arnt Brandseth,UiB,Lyktetenning i Japanhagen,,UiB,Frode Ims,Frode Ims,
215.0,Forventninger til forskningsmeldingen. Stoltenberg,,2012.0,26.08.13,HD,Bergen,Forventninger til forskningsmeldingen. Stoltenberg. Studenters forventing til forskningsmeldingen 2013,Arnt Brandseth,UiB,Forventninger til forskningsmeldingen,,UiB,Arnt Brandseth,Arnt Brandseth,
216.0,Dronejakt på olje,,2013.0,27.08.13,HD,Bergen,"Dronejakt på olje. Intervju: Kim E Andreassen. Flygende droner med kamera er geologenes nyeste våpen i jakten på olje. Ved Uni CIPR i Bergen bruker forskerne laserskannere, infrarøde sensorer og digitale kamera for å gjenskape realistiske, virtuelle kartmodeller. Uni CIPR var i perioden 2002-2012 et Senter for fremragende forskning (SFF) og er tilknyttet Universitetet i Bergen. Musikk: Jamendo - Re-Drum - Cyan. Norske undertekster: Sverre Ole Drønen. Startbilde:Eivind Senneset",Frode Ims,UiB,Dronejakt på olje,,UiB,Frode Ims,Frode Ims,
217.0,ultrasound visualization technology,,2013.0,27.08.13,HD,Bergen,Ivan Viola. Institutt for informatikk. ultrasound visualization technology,Ivan Viola,UiB,Ivan Viola. Institutt for informatikk. ultrasound visualization technology,Ivan Viola,UiB,Frode Ims,Frode Ims,
218.0,Holberg 2013. Bruno Latour,,2013.0,28.08.13,HD,Bergen,"Holberg 2013. Bruno Latour. Bruno Latour talks about truth, knowledge, relativism and the limits of science. Holberg Prize laureate 2013 Bruno Latour talks about the role of social science, cllimate changes, the situation in Europe and gives advice to European youth.",Kim Andreassen,UiB,Holberg 2013. Bruno Latour,Bruno Latour,UiB,Frode Ims,Frode Ims,
219.0,WUN GHEAR event in Washington DC,,2013.0,28.08.13,HD,Bergen,WUN GHEAR event in Washington DC. Bidrag fra Bergen,May-Britt Skjelvik,UiB Bjørn Erik Andersen,WUN GHEAR event in Washington DC,,UiB,Frode Ims,Frode Ims,
220.0,Digitalt pensum ved Universitetet i Bergen,,2013.0,29.08.13,HD,Bergen,"Digitalt pensum ved Universitetet i Bergen. En kort film om digitalt pensum ved UiB. En student forteller om de digitale ressursene studenter ved UiB har tilgang til, og hvordan de får tilgang til materialet. UB infofilm",May-Britt Skjelvik,UiB,UB infofilm. Digitalt pensum ved Universitetet i Bergen.,,UiB,Frode Ims,Frode Ims,
221.0,Christiekonferansen 2012,,2012.0,14.12.12,HD,Bergen,Christiekonferansen 2012,"Arnt Brandseth, May-Britt Skjelvik",UiB,Christiekonferansen 2012,,UiB,Frode Ims,Frode Ims,
222.0,Selmer og personnummeret,,2013.0,19.05.14,SD - HD,Bergen,Prof. Ernst S. Selmer (1920-2006) var hjernen bak personnummeret som ble innført i 1964. Selmer var professor ved UiB i tiden 1957-1990. Her får du vite historien om tilblivelsen av dette nummersystemet.,"Nils A Sæbø, Arnt Brandseth",UiB,Selmer og personnummeret, Ernst S. Selmer,UiB,Eirik Meyer Amundsen,Eirik Meyer Amundsen,
223.0,Regnmakerne / Rainmakers,,2013.0,19.05.14,HD,Tanzania,Regnmakerne / Rainmakers. Et hemmelig regnrituale er i ferd med å dø ut. Antropologene Frode Storaas og Knut Christian Myhre drar til Tanzania for å prøve å sikre seg filmopptak av dette. Filmen gir et nært møte med antropologene og folket de studerer. Mediefiler arkivert 20.05.14 - 23.05.14 ,Frode Ims,UiB,Regnmakerne / Rainmakers,"Frode Storaas, Knut Christian Myhre",UiB,Frode Ims,Frode Ims,
224.0,Alumnifilmer 2014,,2014.0,19.05.14,HD,Bergen,Alumnifilmer 2014. Film 1 -Monica Mæland og Jan Martin Nordbotten forteller om studietiden ved Universitetet I Bergen. Film 2 - Siri Lill Mannes og Frode Thuen forteller om studietiden ved Universitetet i Bergen. Film 3 - Ingvard Wilhelmsen og Frøy Gudbrandsen forteller om studietiden ved Universitetet i Bergen.,Arnt Brandseth,UiB,Alumnifilmer 2014,"Monica Mæland, Jan Martin Nordbotten, Siri Lill Mannes,  Frode Thuen, Ingvard Wilhelmsen, Frøy Gudbrandsen",UiB,"Arnt Brandseth, Frode Ims","Arnt Brandseth, Frode Ims",
225.0,Angst på nett,,2013.0,19.05.14,HD,Bergen,Angst på nett. Doktorgradsarbeidet til Tine Nordgreen viser at angstbehandling via internett har like stor effekt som tradisjonell behandling.,"Arnt Brandseth, May-Britt Skjelvik",UiB,Angst på nett,Tine Nordgreen,UiB,Arnt Brandseth,Arnt Brandseth,
226.0,150 år og første gang til tannlegen,,2013.0,19.05.14,HD,Bergen,"150 år og første gang til tannlegen. Se hvorfor elvemuslingene måtte ha den livreddende behandlingen. uib, per jakobsen, musling, elvemusling, tannlege","Arnt Brandseth, Solrun Dregelid",UiB,150 år og første gang til tannlegen,Tine Nordgreen,UiB,Arnt Brandseth,Arnt Brandseth,
227.0,Julens botanikk - Blondehuset,,2013.0,26.05.14,HD,Aboretet - Blondehuset,"Julens botanikk - Blondehuset. The botany of Christmas. Besøk Blondehuset i Arboretet og kom i julestemning. I hele adventstiden kan du se og ikke minst lukte utstillingen med planter som hører julen til. Blondehuset, Arboretet, julestemning, Universitetet i Bergen, utstilling, jul, kanel, appelsin, mandel, nellik, julestjerne, AF101",Frode Ims,UiB,Julens botanikk - Blondehuset,,UiB,Frode Ims,Frode Ims,
228.0,UiB har betydd enormt mye for karrieren min,,2013.0,26.05.14,HD,Bergen,UiB har betydd enormt mye for karrieren min. Professor Toril Moi om hennes forhold til UiB og til språket.,Solrun Dregelid,UiB,UiB har betydd enormt mye for karrieren min,Toril Moi ,UiB,Frode Ims,Frode Ims,
229.0,Meldinger fra Lofoten - Messages from Lofoten,,2014.0,26.05.14,HD,"Lofoten, Bergen","Meldinger fra Lofoten - Messages from Lofoten. This short movie is about the issue of opening petroleum areas in the region of Lofoten, in Norway. It was recorded during a workshop in Lofoten, in June 2013, gathering 10 local citizens from across a variety of ages and backgrounds. This workshop aimed to map the preferred futures of these local citizens for their region, thus going beyond the usual cost-benefit analyses and environmental risk assessments provided in expert-based reports. This film is part of the UncAP project (Assessing Uncertainties relating to opening new areas for Petroleum activities in Lofoten), funded by the Norwegian Research Council from June 2011 to June 2013. More info at: http://www.uib.no/svt/25804/uncap-pro...","Anne Blanchard, Frode Ims",UiB,Meldinger fra Lofoten - Messages from Lofoten ,,"UiB, Anne Blanchard",Anne Blanchard,Anne Blanchard,
230.0,MAXMUR,,2014.0,26.05.14,HD,Erbil-området i Nord-Irak,"MAXMUR. Forsker er Kariane Westreheim, foto/filming: Margareth Barndon. Prosjektet til Westrheim handler om ungdom og læringsstrategier i en kurdisk flyktningeleir i Erbil-området i Nord-Irak. Noe film er fra en leir for kurdisk motstandsbevegelse i fjellene utenfor Erbil, i Nord-Irak. Førsteamanuensis Kariane Westrheim, Universitetet i Bergen, har i forbindelse med prosjektet «Young Voices from Maxmur»: The Impact of Education in Areas of War and Political Conflict”, intervjuet ungdom i alderen 16-18 år, som bor i Maxmur-leiren. Hensikten med prosjektet er å undersøke hvordan kurdisk ungdom her ser på skolegang, videre utdanningsmuligheter, arbeid og fremtid. Målet med studien er å løfte frem stemmene til en gruppe ungdom som, selv om de er mange, sjelden blir hørt.",Margareth Barndon,UiB,MAXMUR,Kariane Westreheim,Margareth Barndon,Margareth Barndon,Margareth Barndon,
231.0,Fang og slipp,,2013.0,07.01.16,HD,Lofoten,"En studie har vist at turistene slipper ut mer enn halvparten av fangsten av noen arter. Bare for torsk tilsvarer dette mer enn en million fisk hvert eneste år. – Det har altså betydning for størrelsen på bestanden om torsken faktisk overlever og oppfører seg normalt etter at den er sluppet ut igjen, sier Keno Ferter; doktorgradsstudent på Havforskningsinstituttet og Universitetet i Bergen. http://forskning.no/fisk-fiskehelse/2015/01/torsk-taler-bli-sluppet-ut-igjen",,UiB,"Fang og slipp, Keno Ferter",Keno Ferter,UiB,Keno Ferter,Keno Ferter,
232.0,Den tunge arven,,2014.0,09.03.15,HD,"Bergen, Oslo","Fedmegen - Den tunge arven. Christina har vært overvektig hele livet, og er redd for å gi den tunge arven videre til sin datter Alma. Forskning viser nemlig at foreldrene bærer det største ansvaret for at hele 27 prosent av norske barn i dag har overvekt eller fedme. Men hvilken rolle spiller genene versus miljøet? Det skal forskere ved Universitetet i Bergen nå finne ut. Uib, Universitetet i Bergen, Norge, Norway, forskning, miljø, arv, Alma, gener, overvekt, fedme, Christina, Den tunge arven",Solrun Dregelid,UiB,Fedmegen. Den tunge arven,"Pål Rasmus Njølstad, Petur Benedikt Juliusson",UiB,Arnt Brandseth,Arnt Brandseth,
233.0,Fremtidens måleinstrument,,2014.0,09.03.15,HD,Bergen,"Fremtidens måleinstrument. ""Glideren"" erstatter 15 mann på tokt, og kan hente data fra områder som tidligere har vært utilgjengelige. Glider, tokt, måleinstrument, Fremtidens, Universitetet i Bergen, UiB, Marineholmen, University Of Bergen (Organizati, Peter Haugan, professor, Geofysisk institutt, NACO","Solrun Dregelid, Frode Ims",UiB,Fremtidens måleinstrument. NACO,Peter Haugan,UiB,Frode Ims,Frode Ims,
234.0,Norges beste biologiutdanning,,2014.0,19.03.15,HD,Bergen,Norges beste biologiutdanning. En ny app utviklet av en biologistudent ved UiB lar studentene identifisere planter og dyr i norsk natur. http://www.uib.no/aktuelt/82002/app-gjør-biologiutdanningen-mer-moderne,"Solrun Dregelid, Arnt Brandseth",UiB,Norges beste biologiutdanning,Vigdis Vandvik,UiB,Arnt Brandseth,Arnt Brandseth,
235.0,Norges beste biologiutdanning,,2014.0,19.03.15,HD,Svalbard,Det nye utdanningssenteret bioCEED skal bringe flere av UiBs biologistudenter ut i samfunnslivet og gjøre dem bedre rustet til å løse globale utfordringer.,Kim Andreassen,UiB,Norges beste biologiutdanning,Vigdis Vandvik,UiB,Kim Andreassen,Kim Andreassen,
236.0,Få en smak av grunnlovsutstillingen,,2014.0,09.10.15,HD,Få en smak av grunnlovsutstillingen,Er demokratiet truet? Hvilke rettigheter har du? Grunnlovsutstillingen på Universitetsmuseet vekker debatt. #UiB #Universitetet i Bergen #Bergen #demokrati #grunnlov #1814 #Universitetsmuseet #2014 #debatt #rettighete r#Jo Høyer,Solrun Drægelid,UiB,Få en smak av grunnlovsutstillingen,Jo Høyer,UiB,Frode Ims,Frode Ims,
237.0,Arbeidsuke - Infofilm om UiB,,2014.0,09.10.15,HD,Arbeidsuke - Infofilm om UiB,Simon Brandseth laget sammen med medelev en infofilm om UiB.,Simon Brandseth,UiB,Arbeidsuke - Infofilm om UiB,,UiB,Simon Brandseth,Simon Brandseth,
238.0,Christiekonferansen 2013,,2014.0,09.10.15,HD,Christiekonferansen 2013,"Åpningsfilm Christiekonferansen 2013 - Kunnskap fører til velferd – den finske metode. Finland bygger sin velferd på befolkningens hjernekraft. Hva har de gjort for å lykkes med det? Nærings-ph.d. - Gjennom å ta doktorgraden i en bedrift får stipendiatene et unikt erfaringsgrunnlag både fra akademia og næringslivet. Selmer og personnummeret - Prof. Ernst S. Selmer (1920-2006) var hjernen bak personnummeret som ble innført i 1964. Selmer var professor ved UiB i tiden 1957-1990. Her får du vite historien om tilblivelsen av dette nummersystemet. Studentersamfunnet – Christieprisens anvendelse - Se hva Studentersamfunnet, Christieprisvinnere 2012, har brukt prispengene til. Forskning i front - Forskere presenterer seg selv og sin forskning","Arnt Brandseth, Solrun Drægelid",UiB,Christiekonferansen 2013,,UiB,"Arnt Brandseth, Frode Ims","Arnt Brandseth, Frode Ims",
239.0,Christiekonferansen 2014 (Feil tittel?),,2014.0,09.10.15,HD,Christiekonferansen 2014,CK 2014 - Gentilpasset behandling - Therese Bruusgaard Greve er verdens første diabetesbarn som har byttet ut sprøyter med tabletter. CK 2014 - Frykten for fremtiden - Barn og ungdommer ved Olsvik skole forteller om hva de frykter skal skje i fremtiden. CK 2014 - Christieprisen 2013 – Bjerknessenteret for klimaforskning - Christieprisen 2013 gikk til Bjerknessenteret for klimaforskning. Se hva prispengene skal brukes til.,"Arnt Brandseth, Solrun Drægelid",UiB,Christiekonferansen 2014,,UiB,"Arnt Brandseth, Frode Ims","Arnt Brandseth, Frode Ims",
240.0,Christiekonferansen 2015 (Feil tittel?),,2014.0,09.10.15,HD,Christiekonferansen 2015,Eventyret Nordsjøen - Christiekonferansen 2015 - Nordsjøen har bidratt til nære bånd mellom Norge og Shetland – også etter vikingtiden. Landene rundt Nordsjøen har tilpasset seg endringer i tusener av år. Et hav av muligheter - Christiekonferansen 2015 - Slik vil Bergen stå i sentrum for havbruksrevolusjonen.,"Arnt Brandseth, Solrun Drægelid",UiB,Christiekonferansen 2015,,UiB,"Arnt Brandseth, Frode Ims","Arnt Brandseth, Frode Ims",
241.0,Forsker på havets ukjente liv,,2014.0,09.10.15,HD,ERC-Thingstad - Forsker på havets ukjente liv,Forsker på havets ukjente liv. I Espegrend utenfor Bergen manipuleres åtte kar med sjøvann til å bli økosystem i ubalanse. Slik vil forskerne finne ut hvordan systemet av mikroorganismer i havet henger sammen. Dette kan være viktig for å forstå havets evne til å håndtere forurensing.,"Frode Ims, Kjersti Gjengedal",UiB,Forsker på havets ukjente liv,Tron Frede Thingstad,UiB,Frode Ims,Frode Ims,
242.0,"Fadderuken 2013, Semesteråpning 2013",,2014.0,09.10.15,HD,"Fadderuken 2013, Semesteråpning 2013",Semesteråpning 2013 Enquête - studenter som svarer på hvorfor de valgte UiB og hvilke forventninger de har til studenttilværelsen ved universitetet. Fadderuken 2013 - Stemningsrapport fra Fadderuken 2013 ved Univiersitetet i Bergen.,"Arnt Brandseth, Kim Andreassen",UiB,"Fadderuken 2013, Semesteråpning 2013",,UiB,"Arnt Brandseth, Frode Ims","Arnt Brandseth, Frode Ims",
243.0,Grunnlovskonsert i Korskirken,,2014.0,09.10.15,HD,Grunnlovskonsert i Korskirken,Grunnlovskonsert i Korskirken. Høydepunkter fra markeringen av grunnlovsjubileet i Korskirken.,"Håvard Holme, Solrun Drægelid",UiB,Grunnlovskonsert i Korskirken,,UiB,Håvard Holme,Håvard Holme,
244.0,Ledersamling 2014 - UiB 2022,,2014.0,09.10.15,HD,Ledersamling 2014 - UiB 2022,Ledersamling 2014 - UiB 2022,Frode Ims,UiB,Ledersamling 2014 - UiB 2022,,UiB,Frode Ims,Frode Ims,
245.0,"Epigenetics: myths, mysteries and molecules",,2014.0,09.10.15,HD,"Epigenetics: myths, mysteries and molecules","Epigenetics: myths, mysteries and molecules. Leonie Ringrose`s talk in our Horizon lecture series",,UiB,"Epigenetics: myths, mysteries and molecules",Leonie Ringrose,UiB,,,
246.0,‘Moana: The Rising of the Sea’ – Promo Trailer for the European Tour 2015,,2014.0,09.10.15,HD,‘Moana: The Rising of the Sea’ – Promo Trailer for the European Tour 2015,"‘Moana: The Rising of the Sea’ – Promo Trailer for the European Tour 2015. This Pacific drama performance about the effect of climate change on the lives of the island peoples is on tour in Europe during May-June 2015, with an ensemble of 30 dancers and singers from the Oceania Centre for Arts, Culture and Pacific Studies of the University of the South Pacific, Suva, Fiji. Starting in Norway at the Bergen International Festival, ‘Moana’ travels to the United Kingdom, Denmark and to Brussels, Belgium. The tour includes a performance at the European Parliament. A 35-minute film version drawing on the entire show is also available through Vimeo. ‘Moana: The Rising of the Sea’ is funded by the European Union through the European Consortium for Pacific Studies, and the European Tour is funded mainly by the University of Bergen.","Edward Hviding, Frode Ims",UiB,‘Moana: The Rising of the Sea’ – Promo Trailer for the European Tour 2015,Edward Hviding,Hviding,,,
247.0,Muséplassen 1: A house fit for a leader,,2014.0,09.10.15,HD,Muséplassen 1: A house fit for a leader,"Muséplassen 1: A house fit for a leader. The building at the address of Muséplassen 1, facing the University Museum of Bergen, an important part of UiB’s history, and today houses the leadership of the university. The pictures in this photo essay were originally shot for UiB’s English-language magazine by photographer Eivind Senneset. We added some black and white photos courtesy of the University of Bergen Library’s Department of Special Collections to show how a recent refurbishment of the building has brought the interior up to date and reflecting life and leadership at the University of Bergen today. Still photos: Eivind Senneset and Department of Special Collections, University of Bergen Library. Editing: Frode Ims. Text: Sverre Ole Drønen","Frode Ims, Sverre Drønen",UiB,Muséplassen 1: A house fit for a leader,,UiB,,,
248.0,Redelighetskonferansen 2015 - Juksefilm,,2014.0,09.10.15,HD,Redelighetskonferansen 2015 - Juksefilm,Redelighetskonferansen 2015 - Juksefilm,Frode Ims,UiB,Redelighetskonferansen 2015 - Juksefilm,,UiB,Frode Ims,Frode Ims,
249.0,Semesteråpning 2014,,2014.0,09.10.15,HD,Semesteråpning 2014,Semesteråpning 2014. Hans-Wilhelm Steinfelds tale til nye studenter,Arnt Brandseth,UiB,Semesteråpning 2014,Hans-Wilhelm Steinfeld,UiB,Arnt Brandseth,Arnt Brandseth,
250.0,Åpningsseremoni 2015,,2014.0,09.10.15,HD,Åpningsseremoni 2015 ,Åpningsseremoni 2015. De nye studentene ved Universitetet i Bergen kunne knapt bedt om en mer tradisjonell bergensk velkomst: Det regnet tett i Nygårdsparken da det akademiske året offisielt ble åpnet 11. august med taler fra blant annet statsminister Erna Solberg.,Frode Ims (klipp),UiB,Åpningsseremoni 2015 ,,UiB,,,
251.0,Terje Manger - forelesning - Motivasjon og mestring,,2014.0,09.10.15,HD,Terje Manger - forelesning - Motivasjon og mestring,Terje Manger - forelesning - Motivasjon og mestring. 20 minutters introduktion til temaet om motivation og mestring af professor Terje Manger. Oppdrag fra LSP - Laboratorium for forskningsbaseret skoleudvikling og pædagogisk praksis,Frode Ims,UiB,Terje Manger - forelesning - Motivasjon og mestring,Terje Manger,UiB,,,
252.0,Et arkeologisk reisebrev fra Sør-Afrika,,2014.0,09.10.15,HD,TRACsymbols,Et arkeologisk reisebrev fra Sør-Afrika - PhD student Magnus Haaland tok med seg kamera til utgraving i Sør-Afrika. Her er resultatet. Southern Cape Sapiens. Archaeological postcard from South-Africa,Frode Ims,UiB,arkeologi,Magnus Haaland,UiB,,,
253.0,Velkommen til UiB!,,2015.0,09.10.15,HD,Velkommen til UiB!,"Velkommen til UiB! Akkurat nå er det stille på universitetet, men bare vent... På mandag begynner det nye semesteret. Da kommer det til å vrimle av nye og gamle studenter her. Vi gleder oss! Velkommen skal dere være!",Frode Ims,UiB,Velkommen til UiB!,,UiB,,,
254.0,Vitenskapshvelvet 2013 - 2014,,2015.0,09.10.15,HD,Vitenskapshvelvet 2013 - 2014,"Vitenskapshvelvet 6. Episodebeskrivelse. I en vitenskapelig miks fra Universitetet i Bergen kan du bl.a. bli med en 150 år gammel elvemusling til tannlegen, se hvorfor skolene i Finland lykkes og få kunnskap om hvordan personnummeret ble til. Produsert av Univisjon, Universitetet i Bergen. Vitenskapshvelvet 7. Episodebeskrivelse. Forskere og studenter er ofte ute for å samle materiale, som kan fortelle oss mer om både fortid og fremtid. Turen går til grotter i Sør-Afrika, via lyngheier i Hordaland, til smeltende is i Qeqertarsuaq på Grønland. Produsert av Univisjon, Universitetet i Bergen.","Arnt Brandseth, Frode Ims, May-Britt skjelvik, Solrun Drægelid",UiB,Vitenskapshvelvet 2013 - 2014,,UiB,,"Frode Ims, Arnt Brandseth",
255.0,Håkonshallen 750,,2015.0,29.02.16,HD,Håkonshallen 750,"Håkonshallen 750. Film 1: Håkon Håkonsson. Håkon var bare 13 år når han ble konge i Norge. Hvordan er det mulig at et barn fikk makten i landet? Film 2: Håkonshallen – restaurering. Håkonshallen har blitt restaurert flere ganger i  historien. Den siste gangen var etter den store eksplosjonsulykken i 1944. Film 3: Kongespeilet. Filmen handler om overgangen fra vikingtidens krigerkultur til mildere ridderideal.  Kongespeilet er en bok om datidens skikk og bruk. Film 4: Det kongelige bryllup. Historien om Håkonshallen starter med et kongelig bryllup.  Prins Magnus giftet seg med prinsesse Ingeborg fra Danmark. Manus: Baard Olav Skogrand, Anne Brit Vihovde",Arnt Brandseth,UiB,Håkonshallen 750,,UiB,,Frode Ims,
256.0,Museumsprosjektet,,2013.0,28.04.16,SD+HD,Museumsprosjektet 2013,"Universitetsmuseet stengte dørene for oppussing i november 2013, og er planlagt oppusset for ca. 600 millioner kroner frem mot gjenåpning i 2019. KA/Univisjon fulgte prosessen fra byggestart frem til åpningen av Aulaen 2 sept 2015",Arnt Brandseth,UiB,Museet 2013. Museumsprosjektet,,UiB,,"Frode Ims, Arnt Brandseth",
257.0,An international PhD training school in Climate Dynamics (ACDC) visits Greenland ,,2014.0,01.07.16,HD,An international PhD training school in Climate Dynamics (ACDC) visits Greenland ,"The Advanced Climate Dynamics Courses (ACDC) are yearly international research training schools for PhD students organized by the Bjerknes Centre for Climate Research in Bergen in collaboration with the Norwegian Research School in Climate Dynamics (ResClim). ACDC is a part of the partnership programme between the University of Bergen and universities in North America sponsored by SiU. The partnership includes the University of Washington in Seattle, Massachusetts Institute of Technology (MIT) in Cambridge, University of Massachusetts Amherst, and Memorial University of Newfoundland. Each year students and lecturers visit remote locations to study and discuss current topics within climate science. The school includes field work, group discussion and interdisciplinary lectures by some of the most recognized scientists in the field. In 2014, the focus was on the dynamics of the Greenland ice sheet and the venue for ACDC was Disko Island on the west coast of Greenland. Climate, greenland, acdcsummerschool, researchtraining, resclim, uib, climatedynamics, icesheets, glaciers, siu, qeqertarsuaq, arcticstation, interdisciplinary,",Frode Ims,UiB,An international PhD training school in Climate Dynamics (ACDC) visits Greenland ,Kerim Hestnes Nisancioglu,UiB,,Frode Ims,
258.0,Barn prater om familien,,2015.0,01.07.16,HD,Barn prater om familien,"Barn fra Låven barnehage filosoferer rundt temaet ""familien"". Innslaget ble laget i forbindelse med et seminar for å markere 100 års jubileet for De castbergske barnelovene av 1915.",Frode Ims,UiB,Barn prater om familien,,UiB,,Frode Ims,
259.0,Demografi - Christiekonferansen 2016. Fremtidsbyen - Christiekonferansen 2016,,2016.0,01.07.16,HD,Christiekonferansen 2016,"Demografi er tallene om oss alle. Hva kan dagens tall fortelle oss om hvordan fremtidens samfunn blir? En introduksjonsfilm til Christiekonferansen 2016, hvor temaet er demografi. Byene må gå foran om vi skal kutte ressursbruk og klimautslipp. Hvordan kan det gjøres? En introduksjonsfilm til sesjonen «Fremtidsbyen» under Christiekonferansen 2016. Tema for årets konferanse er demografi. Journalist: Anders Kjetland. Redigering & foto Bergen: Frode Ims. Grafikk: Lars Olaf Haaheim. Voice: Siri Lill Mannes. Bilder og intervjuer fra Bristol: www.griot.co.uk. Stock video footage: www.colourbox.com","Frode Ims, Anders Kjetland",UiB,Demografi - Christiekonferansen 2016. Fremtidsbyen - Christiekonferansen 2016,,UiB,,Frode Ims,
260.0,Franskseksjonen,,2015.0,01.07.16,HD,Franskseksjonen,"Franskseksjonen. SAK - Høsten 2015. Margery Vibe Skagen. ""Les Confessions de Jean-Jacques Rousseau"". SAK - Høsten 2015. Margery Vibe Skagen. Jean Starobinski. SAK - Høsten 2015. Kjersti Fløttum. FONCTIONS DU LANGAGE - ENONCIATION - TEXTE",Arnt Brandseth,UiB,Franskseksjonen,"Margery Vibe Skagen, Kjersti Fløttum",UiB,,Arnt Brandseth,
261.0,Michael Cook - Holberg Prize laureate 2014,,2014.0,01.07.16,HD,Michael Cook - Holberg Prize laureate 2014,"Michael Cook about Islam’s revival and the close link the religion has with politics. Music: Jamendo - Snowflakes (feat. Lii) by Fonogeri. Michael Cook, Islam, revival, religion, politics, Holberg Prize, Holbergprisen, laureate, 2014, Bergen, Norway, Norge",Frode Ims,UiB,Michael Cook - Holberg Prize laureate 2014,Michael Cook,UiB,,Frode Ims,
262.0,The Holberg Conversation 2015: Marina Warner,,2015.0,01.07.16,HD,The Holberg Conversation 2015: Marina Warner,"Marina Warner, Holberg Prize Laureate 2015, in conversation with Kari Jegerstedt from University of Bergen. Marian Warner received the Holberg Prize 2015 for her work on the analysis of stories and myths and how they reflect their time and place. Kari Segerstedt, Marina Warner, Holberg Prize Laureate 2015, University of Bergen, analysis of stories and myths, Holberg Prize 2015",Holbergprisen/KA,UiB,The Holberg Conversation 2015: Marina Warner,Marina Warner,UiB,Magnus Øverli,"Frode Ims, Arnt Brandseth, Magnus Øverli",
263.0,Ice2Ice 2016,,2016.0,01.07.16,HD,Ice2Ice 2016,"Idea and script Evangeline Sessford, Sarah Berben, Amandine Tisserand. Filming Evangeline Sessford Sarah Berben. Editing Arnt Brandseth. Narration Evangeline Sessford. Advisor Jørund Strømsøe. Archive footage Greenland. Frode Ims - University of Bergen. Jason Amundson - University of Alaska. Figures and animations. Greenland NGRIP d18O data. Centre for Ice and Climate. http://www.iceandclimate.nbi.ku.dk/data/. Figure Evangeline Sessford","Evangeline Sessford, Sarah Berben, Amandine Tisserand, Arnt Brandseth",UiB,Ice2Ice 2016,,UiB,,"Evangeline Sessford, Sarah Berben",
264.0,Paleoclimatology 101: Searching in the deep sea libraries,,2016.0,01.07.16,HD,Paleoclimatology 101: Searching in the deep sea libraries,"Join Ida Olsen, master student in Earth Science, on a real research cruise to the Nordic Seas. Researchers from UiB, Uni Research and the Bjerknes Centre were heading out at sea to gather glimpses from the climate archives hidden in the ocean floors. In the ice2ice project, they are trying to find out what happens if the Arctic sea ice disappears. Idea & script by Evangeline Sessford, Sarah Berben, Amandine Tisserand. Filming: Sarah Berben, Evangeline Sessford. Editing: Frode Ims. Cartoon drawings & design: Amandine Tisserand. Advisor: Gudrun Sylte, Frode Ims. Planning: Sarah Berben, Evangeline Sessford, Amandine Tisserand, Jørund Strømsøe. Narration: Evangeline Sessford. Film appearance: Ida Olsen, Bjørg Risebrobakken, Margit Simon, Henrik Sadatzki, Jørund Strømsøe, Mads Poulson, Eystein Jansen, Kerstin Perner, Ashley Braunthal, Amandine Tisserand. Drone shot of G.O. Sars: Along Mekong. Productions: Rolf Lambert, Manfred Linke, André Götzmann. Foto av G O Sars. Fotograf: L. Forbech. Universitetsbiblioteket i Bergen. University, University of Bergen, Uni, Ice2Ice, Earth science, Climate Science, climates of the past, paleoclimates, research cruise, sediment cores, Arctic, sea ice, Nordic Seas, g o sars, uni research, bjerknes centre for climate rese, erc, european research council","Evangeline Sessford, Sarah Berben, Amandine Tisserand, Frode Ims",UiB,Paleoclimatology 101: Searching in the deep sea libraries,,UiB,,"Evangeline Sessford, Sarah Berben",
265.0,Klima MOOC - Bjerknes,,2015.0,01.07.16,HD,Klima MOOC - Bjerknes,Klima MOOC - Bjerknes,Arnt Brandseth,UiB,Klima MOOC - Bjerknes,,UiB,,Frode Ims,
266.0,“Når vi snakker om klima” - LINGKLIM,,2016.0,01.07.16,HD,Bergen,"Filmen har som mål å vise språkets rolle og mangfoldet av meninger i klimadebatten. Den viser også hvordan det tverrfaglige prosjektet LINGCLIM har arbeidet for å finne ut mer om hvordan klimaspørsmålet fremstilles og hvordan språkbruken kan påvirke meninger og holdninger. Filmen gir eksempler på stemmer fra en rekke ståsteder som deltar i debatten og som utdyper syn på hva som er viktig for fremtiden. Personer som er intervjuet kommer fra forskning, media, næringsliv, organisasjoner og politikk. Temaer som omtales er språkbruk, språkets påvirkning, verdisyn, følelser, media, reklame, økonomi og fremtidsperspektiver. Visuelle innslag omfatter blant annet bilder/videoer av mennesker i ekstremvær, unge og eldre aksjonister, industri, utslippskilder, konsekvenser av ekstremvær for mennesker og natur, teknologiske løsninger. Målgrupper: det allmenne publikum, skoleelever og studenter, forskere fra ulike fagfelt. En film av 1001 Films for LINGCLIM-prosjektet, Institutt for fremmedspråk, Universitetet i Bergen. Prosjektleder: Kjersti Fløttum. Regissør og produsent: Anwar Saab. Finansiert av Norges forskningsråd, SAMKUL-programmet.","Anwar Saab, Kjersti Fløttum",UiB,“Når vi snakker om klima” - LINGKLIM,,UiB,,Anwar Saab,
267.0,Nytt flygel til Aulaen NATURHISTORISK,,2016.0,01.07.16,HD,Bergen,Nytt flygel til Aulaen NATURHISTORISK,Arild Grindheim,UiB,Nytt flygel til Aulaen NATURHISTORISK,,UiB,,Arild Grindheim,
268.0,SEAT 2,,2012.0,01.07.16,HD,Bangladesh,SEAT 2 - Prosjektfil,"Arnt Brandseth, May-Britt Skjelvik",UiB,SEAT 2,,UiB,,Frode Ims,
269.0,Studentfilmer 2014,,2014.0,01.07.16,HD,Bergen,"Studentfilmer 2014 På oppdrag fra SA. Staniszau Dzelieski, Sverre Hartveit, Linn Dodds, og Marie Storlien forteller om sine erfaringer. ","Frode Ims, Solrun Drægelid",UiB,Studentfilmer 2014,"Staniszau Dzelieski, Sverre Hartveit, Linn Dodds, Marie Storlien ",UiB,,Frode Ims,
270.0,"Terje Manger - Motivasjon, tro, ros.",,2016.0,01.07.16,HD,Bergen,"Terje Manger - Motivasjon, tro, ros.",Frode Ims,UiB,"Terje Manger - Motivasjon, tro, ros.",Terje Manger,UiB,,Frode Ims,
271.0,Vitenskapshvelvet 2015,,2015.0,01.07.16,HD,Bergen,"Vitenskapshvelvet 2015. Vitenskapelig miks hvor du får vite hvorfor torsk kan få dykkersyke og får oppleve hvordan Nordsjøen har knyttet folk sammen. Dessuten får du vite hvordan antropologien kan gi innsikt i nye verdener, og nye måter å se verden på. Følg også gjenfødelsen av Universitetet i Bergens aula, fra plantegning til ferdig storstue. Produsert av UiB, Universitetet i Bergen.","Tane Høisæter, Arnt Brandseth, Frode Ims",UiB,Vitenskapshvelvet 2015,,UiB,,Frode Ims,
272.0,Hearing Voices - om å avbilde stemmer som ikke finnes,,2016.0,07.03.17,HD,"Bergen, Oslo","Hearing Voices - om å avbilde stemmer som ikke finnes. Hørselshallusinasjoneren er en av de eldste psykiske sykdommene vi kjenner. Til tross for det, har man ennå ikke funnet gode nok behandlingsmetoder for sykdommen. Professor Hugdahl og hans team vil derfor jakte på den lille detaljen i hjernen som gjør at schizofrene oppfatter stemmene som helt konkrete og virkelige. Løser de denne gåten kan det åpne for nye og bedre behandlingsmetoder for schizofrene. Produsert av Univisjon, Universitetet i Bergen.","May-Britt Skjelvik, Arnt Brandseth",UiB,Hearing Voices - om å avbilde stemmer som ikke finnes,Kenneth Hugdahl,UiB,,Frode Ims,
273.0,Abstract Health Anxiety,,2016.0,29.06.17,HD,Bergen,"Line Iden Berge skal publisere ein studie i BMJ Open, der hovudefunnet er at folk med helseangst har mykje større risiko for å få hjerteinfarkt. ","Tane Høisæter, Frode Ims",UiB,Abstract Health Anxiety,Line Iden Berge,UiB,,Frode Ims,
274.0,Vil du studere arkeologi i Bergen?,,2016.0,29.06.17,HD,Bergen,"Vil du studere arkeologi i Bergen? Film som gir eit innblikk i arkeologiutdanninga ved Universitetet i Bergen. Idea & Script: Tina J. Granados,Simon Malmberg. Filming: Tina J. Granados, Kjetil Loftsgarden, Magnus Mathisen Haaland. Editing: Frode Ims. Script advisor: Tane Holm Høisæter. Subtitle: Tina J. Granados, Heidi Berg. Interviews: Prof. Dr. Simon Malmberg (UiB), Assoc. Prof. Ramona Harrison (UiB), Prof. Dr. Christopher S. Henshilwood (UiB), Prof. Dr. Berit Valentin Eriksen (Zentrum für Baltische und Skandinavische Archäologie), Magnus Mathisen Haaland (PhD-candidate, UiB), Dag Erik Færø Olsen (PhD-candidate, UiB), Petter Vartdal Holstad (Bachelorstudent, UiB), Lars Bigum Kvernberg (Masterstudent, UiB), Emma Norbakk (Masterstudent UiB), Alice Sunde Kvalheim (Masterstudent UiB). Thanks to all who participated in the making of the movie. Special thanks to students from Christian-Albrechts-Universität zu Kiel and Universität Hamburg, and students from the University of Bergen.","Tina Granados (Tane Høisæter, Frode Ims)",UiB,Arkeologi,Line Iden Berge,UiB,,Tina Granados,
275.0,[Uten tittel],,2015.0,29.06.17,HD,Bergen,Alumni 2015. Filmer produsert til Alumnidagene,Arnt Brandseth,UiB,Arkeologi,"Monica Mæland, Siri Lill Mannes, Ingvard Wilhelmsen",UiB,,Arnt Brandseth,
276.0,Folgefonnsenteret,,2017.0,29.06.17,HD,Bergen,Folgefonnsenteret. Filmer som vises på skjermer i Folgefonnsenteret,Arnt Brandseth,UiB,Folgefonnsenteret,"Jostein, Ellen, Kikki",UiB,,Frode Ims,
277.0,Åpning av folgefonnsenteret,,2017.0,29.06.17,HD,Bergen,Åpning av folgefonnsenteret,Arnt Brandseth,UiB,Folgefonnsenteret,,UiB,,Arnt Brandseth,
278.0,Åpning av folgefonnsenteret,,2017.0,29.06.17,HD,Bergen,Åpning av folgefonnsenteret,Arnt Brandseth,UiB,Folgefonnsenteret,,UiB,,Arnt Brandseth,
279.0,Åpning av folgefonnsenteret,,2017.0,29.06.17,HD,Bergen,Fragmenter. 1. A book is born. 2. A book is used. 3. Fragments in archives. 4. From book to fragment. 5. From fragments to virtual book,Arnt Brandseth,UiB,Fragmenter,"Åslaug Ommundsen. Professor, klassiske fag (mellomalderlatin). Institutt for lingvistiske, litterære og estetiske studier",UiB,,Frode Ims,
280.0,Kinakonferansen 2017,,2017.0,29.06.17,HD,Bergen,"Film til Kinakonferansen. På Kinakonferansen deltar stortingspolitikere og næringslivsledere sammen med forskere og studenter fra inn- og utland. Vi vil utveksle erfaringer, vise gode eksempler og diskutere ambisjoner for et økt samarbeid med kinesiske institusjoner og næringsliv. Hvordan vi bygger kunnskap sammen med Kina om de globale samfunnsutfordringene blir et sentralt tema.",Arnt Brandseth,UiB,Kinakonferansen 2017,,UiB,,Arnt Brandseth,
281.0,Klimamooc oppsummering - 2 runde,,2017.0,29.06.17,HD,Bergen,"Klimamooc oppsummering - 2 runde. Causes of Climate Change. Understand the physical processes behind climate variations in the past, present and future, with this free online course",Arnt Brandseth,UiB,Klimamooc oppsummering - 2 runde,,UiB,,Arnt Brandseth,
282.0,Reformasjonsbyen 2017,,2017.0,29.06.17,HD,Bergen,I hele 2017 markeres det at det er 500 år siden reformasjonen.,Arnt Brandseth,UiB,Reformasjonsbyen 2017,,UiB,,Arnt Brandseth,
283.0,Livet etter parken,,2017.0,29.06.17,HD,Bergen,Lundeberg og Mjåland snakker om forskningsfunnene i rusmiljøet i Bergen.,Arnt Brandseth,UiB,Ruskonferanse - Livet etter parken,"Ingrid Rindal Lundeberg, Kristian Mjåland",UiB,,Arnt Brandseth,
284.0,Promo for SA ,,2015.0,29.06.17,HD,Bergen,"Professor Jens Elmelund Kjeldsen, Biologistudent Ine Elise Moksness",Arnt Brandseth,UiB,Promo for SA ,"Professor Jens Elmelund Kjeldsen, Biologistudent Ine Elise Moksness",UiB,,"Arnt Brandseth, Frode Ims",
285.0,Three minute thesis,,2017.0,29.06.17,HD,Three minute thesis,Three minute thesis,Arnt Brandseth,UiB,Three minute thesis,,UiB,,Arnt Brandseth,
286.0,Aarebrot minnestund,,2017.0,15.12.17,HD,Bergen,Aarebrot minnestund. Montasje av stillbildre fra div aviser og private bilder fra familien.,"Tane Høiseter, Frode Ims",UiB,Aarebrot minnestund,Frank Aarebrot,"BErgens Tidende, Bergens Avisen, NRK, Paul Sigve Amundsen",,"BErgens Tidende, Bergens Avisen, NRK, Paul Sigve Amundsen",
287.0,Allmennmedisin konsultasjon,,2017.0,15.12.17,HD,Bergen,Allmennmedisin konsultasjon. Allmennmedisin konsultasjoner/pasientsamtaler til bruk i undervisning. 6 caser filmet på et legekontor.,"Tane Høiseter, Frode Ims",UiB,Allmennmedisin konsultasjon,"Øystein Hetlevik, Thomas Mildestveit",UiB,,"Frode Ims, Tane Høiseter",
288.0,Håndens anatomi,,2017.0,15.12.17,HD,Bergen,"Håndens anatomi – BioMedisin. Håndens ledd og bevegelser, Håndens muskulatur, Innervasjon og blodforsyning i hånden","Tane Høiseter, Frode Ims",UiB,Håndens anatomi – BioMedisin,Reidar Myklebust/Bianca Cecilie Nygård,UiB,,Frode Ims,
289.0,Veggteppet i Universitetsaulaen i Bergen,,2017.0,15.12.17,HD,Bergen,"Veggteppet i Universitetsaulaen i Bergen. Kari Dyrdal, ORNAMENT – kalkspat på mylonittisk gneis – 60°23’45.96”N, 5°18’31.96”Ø 2015. Musikk: Jamendo - Macroform - Peaceful Sleep",Frode Ims,UiB,Veggteppet i Universitetsaulaen i Bergen,"Kari Dyrdal,",UiB,,Frode Ims,
290.0,Fredrik Barth æresdoktorat ,,2008.0,15.12.17,mini DV,Bergen,I 2008 ble Fredrik Barth tildelt æresdoktorat ved UiB og i den anledning ble det avhold et faglig seminar.,Edvard Hviding,UiB,Fredrik Barth æresdoktorat ,Fredrik Barth,UiB,,Rolf Erik Scott,
291.0,Bud Beyer dok,,2012.0,15.12.17,HD,Bergen,Bud Beyer dok til bokprosjekt. QR-kode og MASTER.,May-Britt Skjelvik,UiB,Bud Beyer dok,Bud Beyer,UiB,,Frode Ims,
292.0,Intervention studies to improve infant health and survival - CISMAC,,2017.0,18.12.17,HD,Uganda,"Intervention studies to improve infant health and survival - CISMAC. Centre for Intervention Science in Maternal and Child Health at the University of Bergen is, in collaboration with Makerere University in Kampala, conducting two large randomized controlled trials in Uganda, aiming to improve infant health and survival. While one of the trials examines the best time to give the BCG-vaccine to secure the greatest health benefits for infants, the other study assess the effect of cleansing the umbilical cord stump of newborns with the antiseptic chlorhexidine to prevent infections. In this video you can learn more about our studies in Uganda and why they are important for child health. Music: Jamendo - Sunrise Piano by DDMYZIK","Tane Høiseter, Frode Ims, Kim Andreassen",UiB,Intervention studies to improve infant health and survival - CISMAC,"Halvor Sommerfelt, Marte Emilie Sandvik Haaland, Dr. Victoria Nankabirwa, ",UiB,,Frode Ims,
293.0,derfra gaae Skibe,,1986.0,18.12.17,,Bergen,"“derfra gaae Skibe” – Bergen og omland gjennom tidene. Omhandler Bergen på 1500- og 1600-tallet. Bergen fremstår som mulighetenes by med stor tilflytting både fra utland og næroppland, men det er også en by med stor sosial uro og moralsk forfall – og heksebålene luer på Nordnes. Faglig ansvarlig: Anders Bjarne Fossen. Produsert UiB 1986, 60 min. digitaliserte og komprimerte versjoner",,,derfra gaae Skibe,Anders Bjarne Fossen,UiB,,,
294.0,Utforsker kulturminner med drone,,2016.0,18.12.17,HD,Selje kloster,"Utforsker kulturminner med drone. Droner og satellitt kan gjøre arbeidet til arkeologene lettere og hindre unødig graving. Masteroppgaven til Kristoffer Hillesland skaper entusiasme i bransjen. droner, master, student, utdanning, arkeologi, det humanistiske fakultet",Frode Ims,UiB,"droner, master, student, utdanning, arkeologi, det humanistiske fakultet",Reidar Myklebust/Bianca Cecilie Nygård,UiB,,Kristoffer Hillesland,
295.0,Ice cores - Revealing secrets of past climate,,2016.0,18.12.17,HD,Grønland,"Ice cores - Revealing secrets of past climate. For the first time an international group of scientists will drill a deep ice core into a fast flowing ice stream on Greenland. The international project (http://eastgrip.org), where the University of Bergen and the Bjerknes Centre is one of the main partners, is lead by the Centre of Ice and Climate at the University of Copenhagen. During the summer of 2016 a team of researchers and students built the base on the ice stream in northeast Greenland, started a comprehensive scientific surface field campaign, and initiated the ice core drilling. The aim of the project is to better understand the dynamics and properties of the fast flowing ice stream. By the time they reach bedrock in the year 2020, the team will have extracted nearly 2700m of Greenland ice giving a 100,000 year old climate archive. Projects: For more info visit the East Greenland Ice Coring Project (EastGRIP) homepage: http://eastgrip.org as well as the ERC project ice2ice: http://ice2ice.eu. Filming: Kerim Hestnes Nisancioglu, Department of Earth Sciences og the Bjerknes Centre for Climate Research, University of Bergen. Jørgen Peder Steffensen, Center for Ice and Climate, Niels Bohr Institute, University of Copenhagen. Mari Fjalstad Jensen, Department of Earth Sciences og the Bjerknes Centre for Climate Research, University of Bergen. Sarah Berben, Uni Research. Jason Amundson - University of Alaska. Producer: Tane Holm Høisæter - University of Bergen. Editor: Frode Ims - University of Bergen. Graphic design: Lars Olaf Haaheim - University of Bergen. Voiceover: Evangeline Sessford, Department of Earth Sciences og the Bjerknes Centre for Climate Research, University of Bergen. Animation: NASA/Goddard Space Flight Center Scientific Visualization Studio. The topographic data used in the video are unpublished but courtesy of Ian Howat, The Ohio State University, Columbus, OH. The MOG mosaic (MODIS) is courtesy of T. Scambos, NSDIC, Bouder, CO. The Blue Marble data is courtesy of Reto Stockli (NASA/GSFC). Music: Jamendo - Polar Night by AUDIO4RT","Kerim Hestnes Nisancioglu, Tane Høiseter, Frode Ims",UiB,Ice cores - Revealing secrets of past climate,Kerim Hestnes Nisancioglu,UiB,,,
296.0,Energiutdanning ved UiB,,2016.0,18.12.17,HD,Bergen,"Energiutdanning ved UiB. UiB tilbyr en master i energi som gir deg sivilingeniørkompetanse. I tillegg til de grunnleggende realfagene får du kunnskap innenfor programmering, teknologiledelse og økonomi og miljøfag. Du får innsikt i ulike energiressurser som er i bruk, hvordan de blir omformet og brukt. I tillegg får du innsikt i fornybare energikilder som i dag gir et lite bidrag til global energiforsyning, men som er i rask vekst, som for eksempel vindenergi, solenergi, og biodrivstoff. Musikk: Jamendo - Inspiration by Cleric. Videoarkiv: UiB, BKK, Colourbox.com/","Tane Høiseter, Frode Ims",UiB,Energiutdanning ved UiB,,UiB,,"UiB, BKK, Colourbox.com/",
297.0,Div promoer for Griegakademiet,,2016.0,18.12.17,HD,Bergen,Div promoer for Griegakademiet,"Arnt Brandseth(jazz), Frode Ims(samspill)",UiB,Div promoer for Griegakademiet,,UiB,Magnus Øverli,"Arnt Brandseth, Frode Ims",
298.0,Div hilsner fra rektor 2014,,2014.0,18.12.17,HD,Bergen,Div hilsner fra rektor 2014,"Arnt Brandseth, Frode Ims",UiB,Div hilsner fra rektor 2014,,UiB,,Frode Ims,
299.0,The Holberg Conversation 2016: Stephen Greenblatt,,2016.0,18.12.17,HD,Bergen,"The Holberg Conversation 2016: Stephen Greenblatt. 2016 Holberg Laureate Professor Stephen Greenblatt of Harvard University in conversation with Professor Charles Ivan Armstrong of the University of Agder. Stephen Greenblatt received the Holberg Prize 2016 for his distinctive and defining role in the field of literature and his influential voice in the humanities over four decades. Shakespeare, Greenblatt, Holbergprize, Humanities, Holberg16, UiB","Ole Sandmo, Frode Ims",UiB,The Holberg Conversation 2016: Stephen Greenblatt,"Professor Stephen Greenblatt, Professor Charles Ivan Armstrong",UiB,,"Frode Ims, Arnt Brandseth, Martin Håndlykken",
300.0,Tone Bringa,,,20.12.17,HD,Bosnia,"Tone Bringa. Div digitalisert materiale fra Bosnia, tidligere Jugoslavia.",Tone Bringa,UiB,"Tone Bringa, Bosnia",Tone Bringa,Tone Bringa,,,
301.0,Harald Kryvi tegner fiskeanatomi på tavle,,18.04.16,20.12.17,HD,Bergen,Harald Kryvi tegner fiskeanatomi på tavle,Tane Høisæter,UiB,Harald Kryvi tegner fiskeanatomi på tavle,Harald Kryvi,UiB,,Frode Ims,
302.0,Ledersamling 2017,,20.06.17,20.12.17,HD,Bergen,Ledersamling 2017. Slideshow for ledelsen,,UiB,Ledersamling 2017,Rektoratet,UiB,,div,
303.0,Legevakten i Bergen 2016,,17.03.17,20.12.17,HD,Bergen,Legevakten i Bergen 2016. Undervisningsfilm om legevakten i Bergen,Arnt Brandseth,UiB,Legevakten i Bergen 2016,,UiB,,Frode Ims,
304.0,Purpurlandet,,1994.0,20.12.17,HD,"Norge, Orknøyene og Nederland","Digitalisert på vegne av Professor Peter Emil Kaland ved Institutt for biologi. NRK, Ut i naturen, Purpurlandet fra 1994 om de europeiske kystlyngheiene, med innslag fra Norge, Orknøyene og Nederland","Svein Haaland, NRK",UiB,Purpurlandet,Professor Peter Emil Kaland ,UiB,,,
305.0,Små elektriske støt kan gi friskere hjerne,,27.10.17,20.12.17,HD,Bergen,"Små elektriske støt kan gi friskere hjerne. Med bitte små strømimpulser kommer forskerne tett på hjernens «finmotorikk». De vil finne ut mer om hvordan det kan hjelpe pasienter med depresjon, slag og hjernesvulst. Musikk: Jamendo - visions (henri.petterson)","Frode Ims, Margareth Barndon, May-Britt Skjelvik",UiB,Små elektriske støt kan gi friskere hjerne,Marco André Hirnstein,UiB,,Frode Ims,
306.0,MOF Tanzaniareportasje,,04.02.13,20.12.17,HD,Tanzania,MOF Tanzaniareportasje,Marion Solheim,UiB,MOF Tanzaniareportasje,Marion Solheim,MOF - UiB,,Marion Solheim,
307.0,Rundtur i læringslabben,,30.05.17,20.12.17,HD,MCB Bergen,Rundtur i læringslabben før innflytting August 2017.,Frode Ims,UiB,Rundtur i læringslabben,,UiB,,Frode Ims,
308.0,switchBoard - In the Eye of the Observer:,,20.10.17,20.12.17,HD,,"Råstoff til: switchBoard - In the Eye of the Observer: Visual Processing at the Heart of the Retina. The museum exhibit will have its opening in November - November 6 to be exact. The exhibit is a large round table with the graphics of an eye and there is a puzzle with the pieces being the cells, or neurons, of the retina. The idea is that children will be able to put the “retina” puzzle together and then see how the brain would see the picture. There will be a series of movies that will be “selected” by the different combinations of puzzle pieces and the children can look at a screen in front of the eye to see how the scene really looks and then look at another screen “ in the brain” to see what the brain would see if that combination of puzzle pieces were selected.  So, for example, if they don’t put in red cones, things would look greenish. Or if there are no rods then there is no night vision. There are 15 PhD students all over Europe that are associated with the project and they have made the digital filters that are then applied to the movies.",Frode Ims,UiB,switchBoard - In the Eye of the Observer:,"Meg Veruki, Professor Neural Networks Research Group, Department of Biomedicine",UiB,,Frode Ims,
309.0,Nye Høyder,,29.08.12,20.12.17,HD,Bergen,Nye Høyder. Bli med på en rundtur gjennom fire århundrer og lær mer om universitetsbygningene som setter sitt preg på Bergen. Musikk: Jamendo – Deep blue (2005) – Antony Raijekov - Jazz U,Frode Ims,UiB,Bygninger på uib,,UiB,,Frode Ims,
310.0,Ordboken har flyttet,,29.09.16,20.12.17,HD,Bergen,Ordboken har flyttet. Ordboken flytter fra Oslo til Bergen,"Frode Ims, Camilla Ahamath",UiB,Ordboken har flyttet,,UiB,,Frode Ims,
311.0,Samfunnsøkonomi ved UiB,,27.03.17,20.12.17,HD,Bergen,"Samfunnsøkonomi ved UiB. Samfunnsøkonomi dreier seg om hvordan vi som samfunn bruker ressursene våre - enten det gjelder naturressurser, arbeidskraft, kapital eller teknologi. Samfunnsøkonomer undersøker hvordan økonomien egentlig fungerer, og arbeider for å skape en bærekraftig velferd og fremtid. Hos UiB kan du ta årsstudium, bachelor og master, eller profesjonsstudium (integrert master) i samfunnsøkonomi. For mer informasjon, se http://www.uib.no/econ. Musikk: Jamendo - Tension Electronic Pulse by RogerThat. Videoarkiv: UiB, Statoil, Colourbox.com/","Tane Høisæter, Frode Ims",UiB,Samfunnsøkonomi ved UiB,,UiB,,Frode Ims,
312.0,Rektor pitch 2016,,07.06.16,20.12.17,HD,Bergen,Rektor pitch 2016. Rektor pitcher UiB sin strategi 2016,Frode Ims,UiB,Rektor pitch 2016,Rektor Dag Rune Olsen,UiB,,Dag Rune Olsen,
313.0,GEOBIO ROV Arendalsuka,,16.08.16,20.12.17,HD,,GEOBIO ROV Arendalsuka,Frode Ims,UiB,GEOBIO ROV Arendalsuka,,UiB,,GEOBIO,
314.0,SAMPOL introfilmer,,27.06.16,20.12.17,HD,Bergen,"SAMPOL introfilmer, sampol 115 Michael Alvares, sampol 100 Lise Rakner, sampol 103 Olav Elgvin ",Frode Ims,UiB,SAMPOL introfilmer,,UiB,,Frode Ims,
315.0,Filmer om SFFene,,2014.0,20.12.17,HD,Bergen,"Filmer om SFFene. Center for cancer biomarkers (reportasje), Bruce Kapferer (intervju), Birkeland center (ikke godkjent), CISMAC (reportasje). Halvor Sommerfelt, Bruce Kapferer, Nikolai Østgaard, Lars A. Akslen","Frode Ims, Kim Andreassen(tekst)",UiB,SFF,"Halvor Sommerfelt, Bruce Kapferer, Nikolai Østgaard, Lars A. Akslen",UiB,,"Frode Ims, Arnt Brandseth (Kapferer)",
316.0,Rekruteringsfilmer for Sosialantropologi.,,2016.0,20.12.17,HD,Bergen,"Rekruteringsfilmer for Sosialantropologi. Frode Storås, Tone Bringa, Andrew Lattas","Tane Høisæter, Frode Ims, ",UiB,Rekruteringsfilmer for Sosialantropologi.,"Frode Storås, Tone Bringa, Andrew Lattas",UiB,,"Frode Ims, arkiv",
317.0,Rekruteringsfilm Bachelorprogram i spesialpedagogikk,,2017.0,20.12.17,HD,Bergen,"Rekruteringsfilm Bachelorprogram i spesialpedagogikk. Vil gi barn og unge positiv mestringsfølelse. Kristian Mjelde Bjelland var lærer da han oppdaget at mange elever trengte litt ekstra støtte i skolehverdagen. Nå er han student på bachelorprogrammet i spesialpedagogikk ved Det psykologiske fakultet, Universitetet i Bergen. - Du må vere glad i mennesker. Du må ynskje å hjelpe barn og unge og gje dei motivasjon til å jobbe vidare med det dei strevar med. Viktigast blir det å gje elevane ein positiv mestringsfølelse, seier Kristian Mjelde Bjelland. Spesialpedagogikk handlar om tilrettelegging for læring. Det kan gjelde for barn, unge eller vaksne med særlege behov. Kristian Mjelde Bjelland er utdanna lærer allereie. Nå er han student på bachelorprogrammet i spesialpedagogikk ved Det psykologiske fakultet ved Universitetet i Bergen. Brukar eigne erfaringar. Bjelland har sjølv gjennom idretten opplevd kor viktig det er med positiv mestringsfølelse for motivasjon og for eiga læring og utvikling. Han har spelt i eliteserien for Nyborg volleyball-lag sidan 2008 og også vore trenar for damelaget der. Han vil bruke eigne erfaringar vidare i arbeidet med barn og unge i skulen. Studiet gjer deg eit godt fundament. Alle menneske har ulike føresetnader for læring. I bachelorstudiet i spesialpedagogikk får du eit breitt fagleg fundament for å kunne arbeide både med kvar einskilde elev og med støttesystema rundt elevane. Det kan handle om god tilrettelegging av tiltak både til barn, unge og vaksne. Dei kan vere unge som er svært evnerike, unge med ulike lærevanskar eller personar med utviklingshemming. Bachelorprogram i spesialpedagogikk.","Tane Høisæter, Frode Ims, ",UiB,Rekruteringsfilm Bachelorprogram i spesialpedagogikk,Kristian Mjelde Bjelland,"UiB, Kristian Mjelde Bjelland",,"Frode Ims, Kristian Mjelde Bjelland",
318.0,Intervju Stefan Bruckner,,2013.0,20.12.17,lyd,Bergen,"Intervju Stefan Bruckner, Institutt for informatikk",Sverre Ole Drønen,UiB,Intervju Stefan Bruckner,Stefan Bruckner,UiB,Frode Ims,,
319.0,Studentbyen 2011 Tekstet versjon,,2011.0,20.12.17,HD,Bergen,Engasjerte studenter er en forutsetning for å være et godt forskningsuniversitet. Slike studenter har vi ved UiB. Her finnes en studentforening for alle interesser. Tekstet versjon,Arnt Brandseth,UiB,Studentbyen 2011,,UiB,,Frode Ims,
320.0,Studentfilmer Erasmus 2016,,2016.0,20.12.17,HD,Bergen,UiB master’s students shows us what it’s like to be a master’s student in Bergen - Norway.,Frode Ims,UiB,Studentfilmer Erasmus 2016,,UiB,,Frode Ims,
321.0,Promo Ta ordet 2017,,2017.0,20.12.17,HD,Bergen,"Ta Ordet! – talekonkurranse for elever i videregående skole. Ta Ordet! hjelper den oppvoksende generasjonen med å bli flinkere til å argumentere, tenke, snakke og lytte, mener Joachim Laberg, lærer på Nordahl Grieg videregående skole. Husk å melde på din skole innen søknadsfristen 30. april. Konkurransen er åpen for videregående skoler på Vestlandet. Musikk: Jamendo - Seastock - The Corporate Machine",Frode Ims,UiB,Promo Ta ordet 2017,,UiB,,Frode Ims,
322.0,Ultradian Hormone Diagnostics,,2017.0,20.12.17,HD,Bergen,Ultradian Hormone Diagnostics. Ultradian develop novel and dynamic diagnostic of endocrine disorders. Ultradian dynamic testing combines ambulatory sampling of interstitial fluid over 24 hours with novel ultra-sensitive assays of hormones using only microliter volumes. Music: Jamendo - Imagine (LightningTraveler),"Frode Ims, Lars Haaheim",UiB,Ultradian Hormone Diagnostics,"Guro Akre, Eystein Sverre Husebye",UiB,,Frode Ims,
323.0,Plasthvalen 2017,,2017.0,20.12.17,HD,Bergen,"Den 29. januar 2017 strandet en hval i fjæresteinene på Vindenes på Sotra. Hvalen var syk og måtte avlives. I magen fant forskere over 30 plastposer, men lite rester etter ordentlig mat. Hvalen med magen full av plast er blitt et symbol på plastforurensingen i havet. Musikk: ""sion - ambients - fare well"" by sion. Lydeffekt: ""Underwater Ambience"" http://freesound.org/people/Kinoton/","Frode Ims, Siri Skretting Jansen",UiB,Plasthvalen 2017,Terje Lislevand,"UiB, NRK",,"Frode Ims, NRK",
324.0,Praksisopphold i Sør-Afrika,,2017.0,20.12.17,HD,Bergen,"Du kan få din eksterne praksis på en klinikk i Sør-Afrika når du tar psykolog-studium ved Det psykologiske fakultet, UiB. Jørgen Aasen Berget dro til Tygerbear i Cape Town og hjalp traumatiserte barn og ungdom i klinikken og på skolene. Som student på profesjonsstudiet i psykologi har du mulighet for et tilrettelagt delstudium på 11. semester ved institusjoner som Det psykologiske fakultet har samarbeidsavtale med i Sør-Afrika. Les mer: http://www.uib.no/psyfa/106861/stort-utbytte-av-praksis-i-s%C3%B8r-afrika. Ide: Jørgen Aasen Berget/ Margareth Barndon. Musikk: Jamendo - Turquoise by MATTIA VLAD MORLEO. Stillbilder: Jørgen Aasen Berget, Colourbox.com/","Frode Ims, Margareth Barndon",UiB,Praksisopphold i Sør-Afrika,Jørgen Aasen Berget ,"UiB, Jørgen Aasen Berget ",,Frode Ims,
325.0,Studentambassadørene 2017,,2017.0,02.01.18,HD,Bergen,Studentambassadørene 2017. En facebookserie i 3 deler ,Frode Ims,UiB-SA,Studentambassadørene 2017,,UiB,,studentene,
326.0,Christiekonferansen 2017,,2017.0,08.01.18,HD,Bergen,"Christiekonferansen 2017, stream, innslag, promoer. Watson, europas fremtid","Arnt Brandseth(Watson), Tane Høisæter (europas fremtid)",UiB,Christiekonferansen 2017,,UiB,,"Frode Ims, Arnt Brandseth, Simon Brandseth(watson)",
327.0,Et hav av muligheter,,2017.0,23.01.18,HD,Arkiv,"Et hav av muligheter. En film og tre vignetter til Havkonferansen i Bergen under VM på sykkel i 2017. Filmen finnes både på norsk og på engelsk. Finnes også i en langversjon som ikke ble vist på konferansen. Havbyen Bergen, Ocean City Bergen. Vignetter: Havet som batteri. Havet som matfat. Havet som transportåre",Arnt Brandseth,UiB,"Fisk, hav, bonde, fisker, Bergen, Universitetet i Bergen",,UiB,,"Frode Ims, Flimmerfilm. Stillbildearkiv fra Marcus - Spesialsamlingene ved Universitetsbiblioteket i Bergen. Diverse arkivopptak",
328.0,"Breforskeren, Værforskeren, Havforskeren",,2017.0,23.01.18,HD,"Folgefonna, Bergen, Askøy",Tre forskere presenterer seg selv og forskningen sin.,Arnt Brandseth,UiB,"Bre, vær, hav, klima","Kikki Kleiven, Jostein Bakke, Ellen Viste",UiB,,Frode Ims,
329.0,Forsker Grand Prix promo,,2017.0,23.01.18,HD,"Studio NG5, Arkiv fra Forsker Grand Prix",Forsker Grand Prix Promo. Tre tidligere deltakere i Forsker Grand Prix forteller om erfaringer de har hatt.,Arnt Brandseth,UiB,Forsker Grand Prix,"Kjersti Hasle Enerstvedt , Kjemisk institutt, UiB. Jane Skjoldli, Religionsvitenskap,UiB. Philipp Strauss, Klinisk institutt, UiB",UiB,,Frode Ims,
330.0,Livet etter parken MASTER3,,2017.0,23.01.18,HD,Bergen,Rettet en skrivefeil fra den gamle masteren,Arnt Brandseth,UiB,Stenging av Nygårdsparken,"Ingrid Rindal Lundeberg, Kristian Mjåland",UiB,,Arnt Brandseth,
331.0,"Professor George Rousseau: “This is just about old people – why should we be interested?”. Professor George Rousseau: “Theoria: Further reflections on interdisciplinarity in the twenty-first century”. Professor George Rousseau: “Praxis: ‘How can I do this work?’”. Professor Bernt Engelsen: “The ageing self in an epileptological and neuropsychiatric setting, with reflections on empathy”. Professor George Rousseau: “History Lessons: Revisiting the 3rd and 4th Ages of Man”. Professor George Rousseau: “Imagining the 5th Age of Man: Fantasy or fiction?”. Curator Eli Okkenhaug: ""Depicting old age in contemporary photography: A few examples by Mette Tronvoll"". Professor Stephen Katz: “Age Crises across the Life Course: Knowledge-Making and Public Texts”. Professor George Rousseau: “No Late Style, Written out of the Great Tradition, but abundant Ageing and Healthy Old Age: E. M. Forster’s late Contentments”. Dr Charlotte Lee: “Learning to Listen to the Third and Fourth Age: How Literature can Help the Rest of us”. Professor Jan Baars: “‘Old Age’ at the Nexus of Age and Social Justice”. Dr Elizabeth Barry: “Dementia, Personhood and the Body-Subject: The Margins of Agency”. Associate Professor Margery Vibe Skagen: “Rêverie and Late Writing”. Associate Professor Peter Svare Valeur: “Three Approaches to Contingency: Wordsworth, Balzac, Adolf Loos”. Postdoctoral Researcher Catherine Oakley: “Entropy and Atrophy: Ageing and the",,2016/2017,23.01.18,HD,Dragefjellet,Margery Vibe Skagen. Opptak av diverse forelesninger,Arnt Brandseth,UiB,"1: Aldring i kulturhistorisk perspektiv: litteratur, medisin, psykologi, juss. 2: Defining Old Age","Professor George Rousseau. Professor Bernt Engelsen. Curator Eli Okkenhaug. Professor Stephen Katz. Dr Charlotte Lee. Professor Jan Baars. Dr Elizabeth Barry Associate Professor Margery Vibe Skagen. Associate Professor Peter Svare Valeur. Postdoctoral Researcher Catherine Oakley. Professor Linda Grøning, Head Physician Erik R. Hauge. Associate Professor Svein Atle Skålevåg. Professor Inger Hilde Nordhus. Associate Professor Kjetil Rommetveit",UiB,,"Arnt Brandseth, Frode Ims (Rousseau)",
332.0,Musikkterapi Promo Master,,2016.0,23.01.18,HD,Bergen,Musikktrapi Promo. Promo for Griegakademiet som vil ha flere søkere på Musikkterapi studiet.,Arnt Brandseth,UiB,Musikkterapi,"Professor Brynjulf Stige, Griegakademiet, UiB",UiB,,Frode Ims,
333.0,Else Øyen,,2017.0,24.01.18,HD,Bergen NG5,Else Øyen. Råopptak av et intervju med Else Øyen. Else Øyen er en av de markante skikkelsene innen norsk samfunnsforskning i siste del av 1900-tallet.,Arnt Brandseth,UiB,Sosiologi,Else Øyen,UiB,,Arnt Brandseth,
334.0,Christiekonferansen 2013,,2013.0,25.01.19,HD,Bergen,Råpptak Christiekonferansen 2013. Mediestudenter ved infomedia,,UiB,Christiekonferansen 2013,,UiB,,,
335.0,Christiekonferansen 2013,,2013.0,09.10.15,HD,"Bergen, Finland",Christiekonferansen 2013. Finland,,UiB,Christiekonferansen 2013. Finland,"Arnt Brandseth, May-Britt Skjelvik",UiB,,,
336.0,Bildekarusell 70 år,,2016.0,23.02.18,HD,Bergen,Universitetet i Bergen er 70 år. UiB ble vedtatt av Stortinget i 1946. 70-åringen markeres ved høstens semesterstartsåpning. Bildekarusell 70 år,Arnt Brandseth,UiB,Universitetet i Bergen er 70 år. Bildekarusell 70 år,,UiB,,Arkiv,
337.0,Åpent møte om UiBs strategi 2016–2022,,2014.0,01.03.18,HD,Bergen,"Har du meninger om UiBs strategi for fremtiden? UiB inviterer byen til et åpent møte om UiBs strategi som utarbeides nå, og som vil bli vedtatt våren 2015. Vi håper du ønsker å komme med dine innspill til hvordan UiBs strategi frem mot 2022 bør se ut. På møtet vil det bli diskusjon om hva som bør være UiBs rolle i samfunnet, hvordan vi samhandler med andre aktører i byen og regionen, og hvordan UiB bør posisjonere seg i fremtidens utdannings- og forskningslandsskap. I tillegg vil det bli presentert en fersk omdømmeanalyse som handler om hvordan UiB vurderes i forhold til andre utdannings- og forskningsinstitusjoner. Opptak av konferansen. VB-innslag x 2",Litteraturhuset og Kommunikasjonsavd,UiB,Åpent møte om UiBs strategi 2016–2022,,UiB,,Arkiv,
338.0,“Når vi snakker om klima”,,2016.0,02.03.18,HD,Bergen,"Filmen har som mål å vise språkets rolle og mangfoldet av meninger i klimadebatten. Den viser også hvordan det tverrfaglige prosjektet LINGCLIM har arbeidet for å finne ut mer om hvordan klimaspørsmålet fremstilles og hvordan språkbruken kan påvirke meninger og holdninger. Filmen gir eksempler på stemmer fra en rekke ståsteder som deltar i debatten og som utdyper syn på hva som er viktig for fremtiden. Personer som er intervjuet kommer fra forskning, media, næringsliv, organisasjoner og politikk. Temaer som omtales er språkbruk, språkets påvirkning, verdisyn, følelser, media, reklame, økonomi og fremtidsperspektiver. Visuelle innslag omfatter blant annet bilder/videoer av mennesker i ekstremvær, unge og eldre aksjonister, industri, utslippskilder, konsekvenser av ekstremvær for mennesker og natur, teknologiske løsninger. Målgrupper: det allmenne publikum, skoleelever og studenter, forskere fra ulike fagfelt. En film av 1001 Films for LINGCLIM-prosjektet, Institutt for fremmedspråk, Universitetet i Bergen. Prosjektleder: Kjersti Fløttum. Regissør og produsent: Anwar Saab. Finansiert av Norges forskningsråd, SAMKUL-programmet.",Anwar Saab,UiB,Åpent møte om UiBs strategi 2016–2022,,UiB,,,
